<?xml version="1.0" encoding="UTF-8"?>
<!DOCTYPE beans PUBLIC "-//SPRING//DTD BEAN//EN" " http://www.springframework.org/dtd/spring-beans.dtd"> 
<beans>
	
	<bean id="org.jwebsocket.plugins.filesystem.settings" class="org.jwebsocket.plugins.filesystem.Settings">
		<property name="aliases">
			<map>
				<!-- Alias for the ReportingPlugIn report's directory (.jrxml) -->
				<entry>
					<key><value>reportRoot</value></key>
					<value>${JWEBSOCKET_HOME}conf/ReportingPlugIn/reports</value>
				</entry>
				<entry key="uuidDir" value="${JWEBSOCKET_HOME}filesystem/private/{username}/{uuid}/" />
				<entry key="sessionDir" value="${JWEBSOCKET_HOME}filesystem/private/{username}/{sessionId}/" />
				<entry key="privateDir" value="${JWEBSOCKET_HOME}filesystem/private/{username}/" />
				<entry key="publicDir" value="${JWEBSOCKET_HOME}filesystem/public/" />
				<entry key="webRoot" value="http://localhost/public/" />
			</map>
		</property>
		<!-- allow file system monitoring, includ ing notifciation in casde of changes -->
		<property name="monitoringActive" value="false"/>
		<!-- define the interval of scanning -->
		<property name="monitoringInterval" value="10000"/>
	</bean>
	
</beans>
