<?xml version="1.0" encoding="UTF-8"?>
<!DOCTYPE beans PUBLIC "-//SPRING//DTD BEAN//EN" " http://www.springframework.org/dtd/spring-beans.dtd"> 
<beans>
	
	<!-- MongoDB connection -->
	<bean id="mongodbConnection0" class="com.mongodb.MongoClient" destroy-method="close">
		<constructor-arg value="localhost"/>
	</bean>
		
	<!-- Global connections manager. REQUIRED BEAN -->
	<bean id="org.jwebsocket.server.connection_manager" class="org.jwebsocket.util.ConnectionManager">
		<constructor-arg>
			<map>
				<entry key="org.jwebsocket.plugins.monitoring" value-ref="mongodbConnection0" />
				<entry key="org.jwebsocket.plugins.pingpong" value-ref="mongodbConnection0" />
			</map>
		</constructor-arg>
	</bean>
	
</beans>
