<?xml version="1.0" encoding="UTF-8"?>
<!DOCTYPE beans PUBLIC "-//SPRING//DTD BEAN//EN" " http://www.springframework.org/dtd/spring-beans.dtd"> 
<beans> 
	<!--  Filters-->
	<bean abstract="true" id="AbstractFilter"
		init-method="initialize" destroy-method="shutdown">
		<property name="em" ref="EventModel" />
	</bean>
	
	<bean id="RouterFilter" class="org.jwebsocket.eventmodel.filter.router.RouterFilter" parent="AbstractFilter">
		<property name="id" value="router" />
	</bean>
	
	<bean id="SecurityFilter" class="org.jwebsocket.eventmodel.filter.security.SecurityFilter" parent="AbstractFilter">
		<property name="id" value="security" />
	</bean>
	
	<bean id="ValidatorFilter" class="org.jwebsocket.eventmodel.filter.validator.ValidatorFilter" parent="AbstractFilter">
		<property name="id" value="validator" />
		<property name="types" ref="TypesMap" />
	</bean>
	
	<bean id="CacheFilter" class="org.jwebsocket.eventmodel.filter.cache.CacheFilter" parent="AbstractFilter">
		<property name="id" value="cache" />
		<property name="cacheStorageProvider">
			<bean class="org.jwebsocket.cachestorage.memory.MemoryCacheStorageProvider">
			</bean>
		</property>
		
		<property name="eventClasses">
			<set>
				<value>org.jwebsocket.eventmodel.event.filter.ResponseFromCache</value>
			</set>
		</property>

		<property name="emEventClasses">
			<set>
				<value>org.jwebsocket.eventmodel.event.filter.BeforeRouteResponseToken</value>
			</set>					
		</property>
	
	</bean>
	
	<bean id="AnnotationFilter" class="org.jwebsocket.eventmodel.filter.annotation.AnnotationFilter" parent="AbstractFilter">
		<property name="id" value="annotation" />
	</bean>
	
	<import resource="app-filters/importer.xml" />
</beans>
