<?xml version="1.0" encoding="UTF-8"?>
<!--
	Document   : jWebSocket.xml
	Created on : March 18, 2010, 10:24 AM
	Author     : aschulze, puran
	Description: Configuration of the jWebSocket Server.
	This includes engines, servers, plug-ins, filter, rights, roles and users 
	as well as logging.
-->

<!-- jWebSocket server configuration -->
<jWebSocket>
	<!--
		define the protocol, default protocol if not specified is 'json'
		possible values are [json|xml|csv]
	-->
	<protocol>json</protocol>

	<!--
		the unique ID of this instance within a jWebSocket cluster
		can be left empty to run just a single stand-alone server
		Preparation for pending cluster-plug-in
	-->
	<node_id>01</node_id>

	<!-- Auto load required external libraries -->
	<!--
		Important!
		If you use folder references by the environment variable 
		${JWEBSOCKET_HOME} please consider that the value of this variable
		contains a trailing [back]slash. So DO NOT add a slash AFTER this 
		variable!
		*INVALID* example: <url>${JWEBSOCKET_HOME}/libs/<your_jar>.jar</url>
		CORRECT example: <url>${JWEBSOCKET_HOME}libs/<your_jar>.jar</url>
	-->
	<libraries>
		<!--
		<library>
			<id>Description of third party .jar to be loaded by jWebSocket</id>
			<url>/etc/myjars/test.jar</url>
			<description>Description of third party .jar to be loaded by jWebSocket</description>
		</library>
		-->
		<!--
		<library>
			<id>OracleJDBCDriver</id>
			<url>${JWEBSOCKET_HOME}libs/ojdbc14-10.2.0.4.jar</url>
			<description>Oracle JDBC Driver 10.2.0.4 ro access Oracle SQL Databases from jWebSocket</description>
		</library>
		<library>
			<id>SQLLiteDriver</id>
			<url>${JWEBSOCKET_HOME}libs/sqlite-jdbc-3.7.2.jar</url>
			<description>SQLLite JDBC driver to access SQLLite databases from jWebSocket and its plug-ins</description>
		</library>
		-->
		<library>
			<id>MySQLJDBCDriver</id>
			<url>${JWEBSOCKET_HOME}libs/mysql-connector-java-5.1.16.jar</url>
			<description>MySQL JDBC driver to access MySQL databases from jWebSocket and its plug-ins</description>
		</library>
		<library>
			<id>DerbyDriver</id>
			<url>${JWEBSOCKET_HOME}libs/derby-10.10.1.1.jar</url>
			<description>Derby JDBC driver to access Derby databases from jWebSocket and its plug-ins</description>
		</library>
		<library>
			<id>xbean-spring-common</id>
			<url>${JWEBSOCKET_HOME}libs/xbean-spring-common-2.8.jar</url>
			<description>xbean-spring-common-2.8.jar</description>
		</library>
		<library>
			<id>xbean-spring-v2</id>
			<url>${JWEBSOCKET_HOME}libs/xbean-spring-v2-2.8.jar</url>
			<description>xbean-spring-v2-2.8.jar</description>
		</library>
		<library>
			<id>xbean-spring-v2c</id>
			<url>${JWEBSOCKET_HOME}libs/xbean-spring-v2c-2.8.jar</url>
			<description>xbean-spring-v2c-2.8.jar</description>
		</library>
	</libraries>

	<!-- jWebSocket logging configuration -->
	<logging>
		<log4j>
			<!-- automatic reload of log config options in ms (0 for none, minimum 5000ms) -->
			<autoreload>20000</autoreload>
			<!-- In the log file (not for the C/S-transmission) tokens exceeding 
				the here configured maximum log length will be automatically cut
				(use 0 to log the tokens in full size, default: 512 characters) -->
			<max_log_token_length>512</max_log_token_length>
		</log4j>
	</logging>

	<!-- Set system properties here -->
	<properties>
		<!--
		<property na" />
		-->
	</properties>

	<!--
		 Engines used for jWebSocket. CAUTION!
		 Up to version 1.0 beta 7 only the first engine was loaded.
		 From version 1.0 beta 8 ALL engines are loaded. So be aware of 
		 configuring individual ports per engine!
	-->
	<!-- jWebSocket engine configuration -->
	<engines>
		<!-- TCP Engine Configuration -->
		<engine>
			<name>org.jwebsocket.tcp.TCPEngine</name>
			<id>tcp0</id>
			<jar>jWebSocketTCPEngine-1.0.jar</jar>
			<port>8787</port>
			<sslport>9797</sslport>
			<!-- keystore file with in ${JWEBSOCKET_HOME}conf -->
			<keystore>${JWEBSOCKET_HOME}conf/jWebSocket.ks</keystore>
			<!-- password to access keystore file -->
			<password>jWebSocket</password>
			<!-- CAUTION! -->
			<!-- not all browsers automatically accept self-signed certificates -->
			<!-- please follow instructions on the jWebSocket.org website, how
			     to trust self-signed certificates for the various browsers or
				 how to import signed private key/certificate bundles into the keystore -->

			<!-- these domains are accepted by the engine listening on the above mentioned port -->
			<!-- you optionally can add asterisks as wild cards -->
			<domains>
				<domain>*</domain>
				<!-- limit allowed domains here -->
				<!--
				<domain>http*://jwebsocket.org</domain>
				<domain>http*://jwebsocket.com</domain>
				<domain>http*://*.jwebsocket.org</domain>
				<domain>http*://*.jwebsocket.com</domain>
				<domain>http*://10.10.*</domain>
				<domain>http*://10.21.*</domain>
				<domain>http*://192.168.*</domain>
				<domain>http*://localhost*</domain>
				-->
			</domains>
			<!-- default session timeout 1h, max timeout currently 1 hour -->
			<timeout>0</timeout>
			<!--
				maximum size of the data packet that the engine will read,
				if the frame size is larger than this the connection will be closed.
			-->
			<!-- <maxframesize>1048576</maxframesize> --> <!-- 1 MB -->
			<!-- <maxframesize>2097152</maxframesize> --> <!-- 2 MB -->
			<!-- <maxframesize>4194304</maxframesize> --> <!-- 4 MB -->
			<maxframesize>8388608</maxframesize> <!-- 8 MB -->
			<!-- 
				Indicates if the engine requires to notify connected clients 
				during the jWebSocket stopping process. If the jWebSocket server
				is part of a cluster (JMSEngine), the engine will only notify if
				it there are not other active nodes. Default: FALSE
			-->
			<notifySystemStopping>false</notifySystemStopping>
			<!-- maximun number of connections allowed by this engine -->
			<maxconnections>10000</maxconnections>
			
			<!-- on max connections reached strategy -->
			<!-- wait, close, reject, redirect --> 
			<onmaxconnections>reject</onmaxconnections>
			<settings>
				<!-- NIO output writer mechanism thread pool size -->
				<setting key="workers">10</setting>
				<!-- NIO output writer mechanism writes timeout -->
				<setting key="writer_timeout">1000</setting>
				<!-- Set socket TcpNoDelay property value
				more detalis: http://www.rgagnon.com/javadetails/java-0294.html -->
				<setting key="tcpNoDelay">false</setting>
			</settings>		
		</engine>
	</engines>

	<!-- The <engineDefaults> section is stored here only for convenience!
		 To use a certain engine move the engine configuration from here to
		 the <engines> section.
	-->
	<engineDefaults>
		<!-- TCP Engine Configuration -->
		<engine>
			<name>org.jwebsocket.tcp.TCPEngine</name>
			<id>tcp0</id>
			<jar>jWebSocketTCPEngine-1.0.jar</jar>
			<port>8787</port>
			<sslport>9797</sslport>
			<!-- keystore file with in ${JWEBSOCKET_HOME}conf -->
			<keystore>${JWEBSOCKET_HOME}conf/jWebSocket.ks</keystore>
			<!-- password to access keystore file -->
			<password>jWebSocket</password>
			<!-- CAUTION! -->
			<!-- not all browsers automatically accept self-signed certificates -->
			<!-- please follow instructions on the jWebSocket.org website, how
			     to trust self-signed certificates for the various browsers or
				 how to import signed private key/certificate bundles into the keystore -->

			<!-- these domains are accepted by the engine listening on the above mentioned port -->
			<!-- you optionally can add asterisks as wild cards -->
			<domains>
				<domain>*</domain>
				<!-- limit allowed domains here -->
				<!--
				<domain>http*://jwebsocket.org</domain>
				<domain>http*://jwebsocket.com</domain>
				<domain>http*://*.jwebsocket.org</domain>
				<domain>http*://*.jwebsocket.com</domain>
				<domain>http*://10.10.*</domain>
				<domain>http*://10.21.*</domain>
				<domain>http*://192.168.*</domain>
				<domain>http*://localhost*</domain>
				-->
			</domains>
			<!-- default session timeout 1h, max timeout currently 1 hour -->
			<timeout>0</timeout>
			<!--
				maximum size of the data packet that the engine will read,
				if the frame size is larger than this the connection will be closed.
			-->
			<maxframesize>1048840</maxframesize>
			<!-- 
				Indicates if the engine requires to notify connected clients 
				during the jWebSocket stopping process. If the jWebSocket server
				is part of a cluster (JMSEngine), the engine will only notify if
				it there are not other active nodes. Default: FALSE
			-->
			<notifySystemStopping>false</notifySystemStopping>
			<!-- maximun number of connections allowed by this engine -->
			<maxconnections>10000</maxconnections>
			
			<!-- on max connections reached strategy -->
			<!-- wait, close, reject, redirect --> 
			<onmaxconnections>reject</onmaxconnections>
			<settings>
				<!-- NIO output writer mechanism thread pool size -->
				<setting key="workers">10</setting>
				<!-- NIO output writer mechanism writes timeout -->
				<setting key="writer_timeout">1000</setting>
				<!-- Set socket TcpNoDelay property value
				more detalis: http://www.rgagnon.com/javadetails/java-0294.html -->
				<setting key="tcpNoDelay">false</setting>
			</settings>		
		</engine>

		<!-- NIO Engine Configuration -->
		<engine>
			<name>org.jwebsocket.tcp.nio.NioTcpEngine</name>
			<id>nio0</id>
			<jar>jWebSocketNIOEngine-1.0.jar</jar>
			<port>8787</port>
			<sslport>9797</sslport>
			<!-- keystore file with in %JWEBSOCKET_HOME%/conf -->
			<!-- CAUTION! -->
			<!-- not all browsers automatically accept self-signed certificates -->
			<!-- please follow instructions on the jWebSocket.org website, how
			     to trust self-signed certificates for the various browsers or
				 how to import signed private key/certificate bundles into the keystore -->
			<keystore>${JWEBSOCKET_HOME}conf/jWebSocket.ks</keystore>
			<!-- password to access keystore file -->
			<password>jWebSocket</password>
			<!-- these domains are accepted by the engine listening on the above mentioned port -->
			<domains>
				<domain>*</domain>
				<!-- limit allowed domains here -->
				<!--
				<domain>http*://jwebsocket.org</domain>
				<domain>http*://jwebsocket.com</domain>
				<domain>http*://*.jwebsocket.org</domain>
				<domain>http*://*.jwebsocket.com</domain>
				<domain>http*://10.10.*</domain>
				<domain>http*://10.21.*</domain>
				<domain>http*://192.168.*</domain>
				<domain>http*://localhost*</domain>
				-->
			</domains>
			<!-- default session timeout 1h, max timeout currently 1 hour -->
			<timeout>0</timeout>
			<!--
				maximum size of the data packet that the engine will read,
				if the frame size is larger than this the connection will be closed.
			-->
			<maxframesize>20480</maxframesize>
			<!-- 
				Indicates if the engine requires to notify connected clients 
				during the jWebSocket stopping process. If the jWebSocket server
				is part of a cluster (JMSEngine), the engine will only notify if
				it there are not other active nodes. Default: FALSE
			-->
			<notifySystemStopping>false</notifySystemStopping>
			<!-- maximun number of connections allowed by this engine -->
			<maxconnections>10000</maxconnections>
			<settings>
				<setting key="workers">500</setting>
				<!-- Set socket channel TcpNoDelay property value
				more detalis: http://www.rgagnon.com/javadetails/java-0294.html -->
				<setting key="tcpNoDelay">true</setting>
			</settings>			
		</engine>

		<!-- Jetty Engine Configuration -->
		<engine>
			<name>org.jwebsocket.jetty.JettyEngine</name>
			<id>jetty0</id>
			<jar>jWebSocketJettyEngine-1.0.jar</jar>
			<!-- Attention! The jWebSocket JettyEngine listens on same port like
				 Jetty's http. The http protocol is upgraded to use WebSockets.
				 The http/websocket port can be configured via the Jetty
				 configuration in the jetty.xml configuration file.
			-->
			<!-- set both port settings to "0" (null) if running Jetty
				 Servlet Container for Web Apps and embed jWebSocket library.
				 This uses the settings from jetty.xml, wraps the existing
				 Jetty WebSocket servlet and does not instantiate a separate
				 engine at run time within jWebSocket.
			-->
			<!--
			<port>0</port>
			<sslport>0</sslport>
			-->
			<!-- use 80/443 for default http/ws or https/wss connections
				 when running a jWebSocket Server and use Jetty as an engine.
				 These settings are recommended only when running jWebSocket
				 on a separate server beside a WebServer and the firewall
				 does not allow access to ports 8787 and 9797.
			-->
			<!--
			<port>80</port>
			<sslport>443</sslport>
			-->
			<!-- use 8787/9797 for default http/ws or https/wss connections
				 These settings are recommended only when running jWebSocket
				 on the same server beside a WebServer and the firewall
				 grants access to ports 8787 and 9797.
			-->
			<port>8787</port>
			<sslport>9797</sslport>
			<!-- these domains are accepted by the engine listening on the above mentioned port -->
			<!-- keystore file with in %JWEBSOCKET_HOME%/conf -->
			<!-- CAUTION! -->
			<!-- not all browsers automatically accept self-signed certificates -->
			<!-- please follow instructions on the jWebSocket.org website, how
			     to trust self-signed certificates for the various browsers or
				 how to import signed private key/certificate bundles into the keystore -->
			<keystore>${JWEBSOCKET_HOME}conf/jWebSocket.ks</keystore>
			<!-- password to access keystore file -->
			<password>jWebSocket</password>
			<domains>
				<domain>*</domain>
				<!-- limit allowed domains here -->
				<!--
				<domain>http*://jwebsocket.org</domain>
				<domain>http*://jwebsocket.com</domain>
				<domain>http*://*.jwebsocket.org</domain>
				<domain>http*://*.jwebsocket.com</domain>
				<domain>http*://10.10.*</domain>
				<domain>http*://10.21.*</domain>
				<domain>http*://192.168.*</domain>
				<domain>http*://localhost*</domain>
				-->
			</domains>
			<!-- default session timeout 1h, max timeout currently 1 hour -->
			<timeout>0</timeout>
			<!-- Jetty provides a WebSocket Servlet, set the context path here -->
			<context>/jWebSocket</context>
			<!-- Jetty provides a WebSocket Servlet, set the servlet path here -->
			<servlet>/jWebSocket</servlet>
			<!--
				maximum size of the data packet that the engine will read,
				if the frame size is larger than this the connection will be closed.
			-->
			<maxframesize>1048840</maxframesize>
			<!-- 
				Indicates if the engine requires to notify connected clients 
				during the jWebSocket stopping process. If the jWebSocket server
				is part of a cluster (JMSEngine), the engine will only notify if
				it there are not other active nodes. Default: FALSE
			-->
			<notifySystemStopping>false</notifySystemStopping>
			<!-- maximun number of connections allowed by this engine -->
			<maxconnections>10000</maxconnections>
		</engine>

		<!-- Grizzly Engine Configuration -->
		<engine>
			<name>org.jwebsocket.grizzly.GrizzlyEngine</name>
			<id>grizzly0</id>
			<jar>jWebSocketGrizzlyEngine-1.0.jar</jar>
			<!-- Attention! The jWebSocket Grizzly Engine listens on same port like
				 Grizzly's http. The http protocol is upgraded to use WebSockets.
				 The http/websocket port can be configured via the Grizzly
				 configuration file.
			-->
			<!-- set both port settings to "0" (null) if running Jetty
				 Servlet Container for Web Apps and embed jWebSocket library.
				 This uses the settings from jetty.xml, wraps the existing
				 Jetty WebSocket servlet and does not instantiate a separate
				 engine at run time within jWebSocket.
			-->
			<!--
			<port>0</port>
			<sslport>0</sslport>
			-->
			<!-- use 80/443 for default http/ws or https/wss connections
				 when running a jWebSocket Server and use Jetty as an engine.
				 These settings are recommended only when running jWebSocket
				 on a separate server beside a WebServer and the firewall
				 does not allow access to ports 8787 and 9797.
			-->
			<!--
			<port>80</port>
			<sslport>443</sslport>
			-->
			<!-- use 8787/9797 for default http/ws or https/wss connections
				 These settings are recommended only when running jWebSocket
				 on the same server beside a WebServer and the firewall
				 grants access to ports 8787 and 9797.
			-->
			<port>8787</port>
			<sslport>9797</sslport>
			<!-- keystore file with in ${JWEBSOCKET_HOME}conf -->
			<keystore>${JWEBSOCKET_HOME}conf/jWebSocket.ks</keystore>
			<!-- password to access keystore file -->
			<password>jWebSocket</password>
			<!-- these domains are accepted by the engine listening on the above mentioned port -->
			<domains>
				<domain>*</domain>
				<!-- limit allowed domains here -->
				<!--
				<domain>http*://jwebsocket.org</domain>
				<domain>http*://jwebsocket.com</domain>
				<domain>http*://*.jwebsocket.org</domain>
				<domain>http*://*.jwebsocket.com</domain>
				<domain>http*://10.10.*</domain>
				<domain>http*://10.21.*</domain>
				<domain>http*://192.168.*</domain>
				<domain>http*://localhost*</domain>
				-->
			</domains>
			<!-- default session timeout 1h, max timeout currently 1 hour -->
			<timeout>0</timeout>
			<!-- Jetty provides a WebSocket Servlet, set the context path here -->
			<context>/jWebSocket</context>
			<!-- Jetty provides a WebSocket Servlet, set the servlet path here -->
			<servlet>/jWebSocket</servlet>
			<!--
				maximum size of the data packet that the engine will read,
				if the frame size is larger than this the connection will be closed.
			-->
			<maxframesize>1048840</maxframesize>
			<!-- 
				Indicates if the engine requires to notify connected clients 
				during the jWebSocket stopping process. If the jWebSocket server
				is part of a cluster (JMSEngine), the engine will only notify if
				it there are not other active nodes. Default: FALSE
			-->
			<notifySystemStopping>false</notifySystemStopping>
			<!-- maximun number of connections allowed by this engine -->
			<maxconnections>10000</maxconnections>
			<settings>
				<!-- directory that contains the public web folder path -->
				<setting key="document_root">${JWEBSOCKET_HOME}web/</setting>
			</settings>
		</engine>

		<!-- Tomcat Engine Configuration -->
		<engine>
			<name>org.jwebsocket.tomcat.TomcatEngine</name>
			<id>tomcat0</id>
			<!-- Use "jWebSocketTomcatEngine-embedded-1.0.jar" for Tomcat embedded mode -->
			<jar>jWebSocketTomcatEngine-embedded-1.0.jar</jar>
			<!-- Use "jWebSocketTomcatEngine-1.0.jar" for Tomcat web app mode 
			<jar>jWebSocketTomcatEngine-1.0.jar</jar>
			-->
			<!-- keystore file with in ${JWEBSOCKET_HOME}conf -->
			<keystore>${JWEBSOCKET_HOME}conf/jWebSocket.ks</keystore>
			<!-- password to access keystore file -->
			<password>jWebSocket</password>
			<!-- The jWebSocket TomcatEngine can either work in embedded mode 
				 or in standard web app mode. In standard wep app mode the 
				 jWebSocket Tomcat engine listens on same port like
				 Tomcats's http. The http protocol is upgraded to use WebSockets.
				 The http/websocket port can be configured via the Tomcat
				 configuration in the server.xml configuration file.
			-->
			<!-- set both port settings to "0" (null) if running Tomcat
				 Servlet Container for Web Apps and embed jWebSocket library.
				 This uses the settings from server.xml, wraps the existing
				 Tomcat WebSocket servlet and does NOT instantiate a separate
				 embedded engine at run time within jWebSocket.
			-->
			<!--
			<port>0</port>
			<sslport>0</sslport>
			-->
			<!-- use 80/443 for default http/ws or https/wss connections
				 when running a jWebSocket Server and use Tomcat as an embedded 
				 engine. These settings are recommended only when running 
				 jWebSocket on a SEPARATE server beside a WebServer and the 
				 firewall does not allow access to ports 8787 and 9797.
			-->
			<!--
			<port>80</port>
			<sslport>443</sslport>
			-->
			<!-- use 8787/9797 for default http/ws or https/wss connections
				 These settings are recommended only when running jWebSocket
				 on the same server beside a Tomcat WebServer and the firewall
				 grants access to ports 8787 and 9797.
			-->
			<port>8787</port>
			<sslport>9797</sslport>
			<!-- these domains are accepted by the engine listening
				 on the above mentioned port -->
			<domains>
				<domain>*</domain>
				<!-- limit allowed domains here -->
				<!--
				<domain>http*://jwebsocket.org</domain>
				<domain>http*://jwebsocket.com</domain>
				<domain>http*://*.jwebsocket.org</domain>
				<domain>http*://*.jwebsocket.com</domain>
				<domain>http*://10.10.*</domain>
				<domain>http*://10.21.*</domain>
				<domain>http*://192.168.*</domain>
				<domain>http*://localhost*</domain>
				-->
			</domains>
			<!-- default session timeout (minutes) -->
			<timeout>1</timeout>
		
			<!-- The default jWebSocket server web-app context. The context can be configured 
			through the files:
			- ${JWEBSOCKET_HOME}/conf/TomcatEngine/conf/context.xml 
			- ${JWEBSOCKET_HOME}/conf/TomcatEngine/conf/web.xml 
			-->
			<context>/jWebSocket</context>
			<!--
				maximum size of the data packet that the engine will read,
				if the frame size is larger than this the connection will be closed.
			-->
			<maxframesize>1048840</maxframesize>
			<!-- 
				Indicates if the engine requires to notify connected clients 
				during the jWebSocket stopping process. If the jWebSocket server
				is part of a cluster (JMSEngine), the engine will only notify if
				it there are not other active nodes. Default: FALSE
			-->
			<notifySystemStopping>false</notifySystemStopping>
			<!-- maximun number of connections allowed by this engine -->
			<maxconnections>10000</maxconnections>
			<!-- on max connections reached strategy -->
			<!-- close, reject --> 
			<onmaxconnections>reject</onmaxconnections>
			<settings>
				<!-- directory that contains the public web folder path -->
				<setting key="document_root">${JWEBSOCKET_HOME}web/</setting>
				<!-- max threads property value for each tomcat connector -->
				<setting key="max_threads">200</setting>
			</settings>
		</engine>
		<!-- Tomcat HTTP Engine configuration -->
		<engine>
			<name>org.jwebsocket.tomcat.http.TomcatHTTPEngine</name>
			<id>http0</id>
			<!-- Use "jWebSocketTomcatEngine-embedded-1.0.jar" for Tomcat embedded mode -->
			<jar>jWebSocketTomcatEngine-embedded-1.0.jar</jar>
			<!-- Use "jWebSocketTomcatEngine-1.0.jar" for Tomcat web app mode 
			<jar>jWebSocketTomcatEngine-1.0.jar</jar>
			-->
			<!-- keystore file with in ${JWEBSOCKET_HOME}conf -->
			<keystore>${JWEBSOCKET_HOME}conf/jWebSocket.ks</keystore>
			<!-- password to access keystore file -->
			<password>jWebSocket</password>
			<!-- The jWebSocket TomcatEngine can either work in embedded mode 
				 or in standard web app mode. In standard wep app mode the 
				 jWebSocket Tomcat engine listens on same port like
				 Tomcats's http. The http protocol is upgraded to use WebSockets.
				 The http/websocket port can be configured via the Tomcat
				 configuration in the server.xml configuration file.
			-->
			<!-- set both port settings to "0" (null) if running Tomcat
				 Servlet Container for Web Apps and embed jWebSocket library.
				 This uses the settings from server.xml, wraps the existing
				 Tomcat WebSocket servlet and does NOT instantiate a separate
				 embedded engine at run time within jWebSocket.
			-->
			<!--
			<port>0</port>
			<sslport>0</sslport>
			-->
			<!-- use 80/443 for default http/ws or https/wss connections
				 when running a jWebSocket Server and use Tomcat as an embedded 
				 engine. These settings are recommended only when running 
				 jWebSocket on a SEPARATE server beside a WebServer and the 
				 firewall does not allow access to ports 8787 and 9797.
			-->
			<!--
			<port>80</port>
			<sslport>443</sslport>
			-->
			<!-- use 8787/9797 for default http/ws or https/wss connections
				 These settings are recommended only when running jWebSocket
				 on the same server beside a Tomcat WebServer and the firewall
				 grants access to ports 8787 and 9797.
			-->
			<port>8787</port>
			<sslport>9797</sslport>
			<!-- these domains are accepted by the engine listening
				 on the above mentioned port -->
			<domains>
				<domain>*</domain>
				<!-- limit allowed domains here -->
				<!--
				<domain>http*://jwebsocket.org</domain>
				<domain>http*://jwebsocket.com</domain>
				<domain>http*://*.jwebsocket.org</domain>
				<domain>http*://*.jwebsocket.com</domain>
				<domain>http*://10.10.*</domain>
				<domain>http*://10.21.*</domain>
				<domain>http*://192.168.*</domain>
				<domain>http*://localhost*</domain>
				-->
			</domains>
			<!-- default session timeout (minutes) -->
			<timeout>30</timeout>
		
			<!-- The default jWebSocket server web-app context. The context can be configured 
			through the files:
			- ${JWEBSOCKET_HOME}/conf/TomcatEngine/conf/context.xml 
			- ${JWEBSOCKET_HOME}/conf/TomcatEngine/conf/web.xml 
			-->
			<context>/jWebSocket</context>
			<!--
				maximum size of the data packet that the engine will read,
				if the frame size is larger than this the connection will be closed.
			-->
			<maxframesize>1048840</maxframesize>
			<!-- 
				Indicates if the engine requires to notify connected clients 
				during the jWebSocket stopping process. If the jWebSocket server
				is part of a cluster (JMSEngine), the engine will only notify if
				it there are not other active nodes. Default: FALSE
			-->
			<notifySystemStopping>false</notifySystemStopping>
			<!-- maximun number of connections allowed by this engine -->
			<maxconnections>10000</maxconnections>
			<!-- on max connections reached strategy -->
			<!-- close, reject --> 
			<onmaxconnections>reject</onmaxconnections>
			<settings>
				<!-- directory that contains the public web folder path -->
				<setting key="document_root">/path/to/public/web/directory/</setting>
				<!-- max threads property value for each tomcat connector -->
				<setting key="max_threads">200</setting>
			</settings>
		</engine>
	</engineDefaults>

	<!-- server types to be instantiated for jWebSocket -->
	<servers>
		<server>
			<name>org.jwebsocket.server.TokenServer</name>
			<id>ts0</id>
			<jar>jWebSocketTokenServer-1.0.jar</jar>
			<!-- define the thread pool properties. Thread are spawned when Token's spawnThread value is true 
			 Queue sizes and maximum pool sizes may be traded off for each other: Using large queues and small pools minimizes CPU usage, OS resources, and context-switching overhead, but can lead to artificially low throughput. 
			 If tasks frequently block (for example if they are I/O bound), a system may be able to schedule time for more threads than you otherwise allow. 
			 Use of small queues generally requires larger pool sizes, which keeps CPUs busier but may encounter unacceptable scheduling overhead, which also decreases throughput.
			 -->
			<threadPool>
				<!--  number of thread that are "waiting" even if the queue is empty  
				default: Runtime.getRuntime().availableProcessors() -->
				<corePoolSize>8</corePoolSize>

				<!--  number maximum of threads that can be running at the same time 
				default: corePoolSize * 2 -->
				<maximumPoolSize>16</maximumPoolSize>

				<!--  time before the desctruction of "free" threads (seconds) -->
				<keepAliveTime>60</keepAliveTime>
				<!--  size of the blocking queue. Connection will be refused if the queue is full and the poolsize is equals to the maximumPoolSize -->
				<blockingQueueSize>1000</blockingQueueSize>
			</threadPool>
			
			<settings>
				<setting key="suppresed_log_fields">password,secretPassword,accessPassword,newSecretPassword,secretKey,accessKey,newSecretKey</setting>
				<setting key="suppresed_log_fields_value">******</setting>
			</settings>
		</server>
		
		<!-- use the custom server if you intend to parse non-token based custom data streams -->
		<!--
		<server>
			<name>org.jwebsocket.server.CustomServer</name>
			<id>cs0</id>
			<jar>jWebSocketCustomServer-1.0.jar</jar>
		</server>
		-->
		
		<settings>
			<setting key="suppresed_log_fields" value="password,newPassword,secretPassword,accessPassword"></setting>
			<setting key="suppresed_log_fields_value" value="******"></setting>
		</settings>
	</servers>

	<!-- jWebSocket global rights -->
	<rights>
		<!-- configuration of system plug-in specific rights -->
		<right>
			<ns>org.jwebsocket.plugins.system</ns>
			<id>getjvminfo</id>
			<description>Allow clients to get the server JVM settings and properties</description>
		</right>
		<right>
			<ns>org.jwebsocket.plugins.system</ns>
			<id>broadcast</id>
			<description>Allow to broadcast message to all other clients.</description>
		</right>
		<right>
			<ns>org.jwebsocket.plugins.system</ns>
			<id>send</id>
			<description>Allow to send message to a single target client.</description>
		</right>

		<!-- configuration of chat plug-in specific rights -->
		<right>
			<ns>org.jwebsocket.plugins.chat</ns>
			<id>broadcast</id>
			<description>Broadcast message to all other clients.</description>
		</right>

		<!-- configuration of rpc plug-in specific rights -->
		<right>
			<ns>org.jwebsocket.plugins.rpc</ns>
			<id>rpc</id>
			<description>Allow Remote Procedure Calls (RPC) to server</description>
		</right>
		<right>
			<ns>org.jwebsocket.plugins.rpc</ns>
			<id>rrpc</id>
			<description>Allow Reverse Remote Procedure Calls (RRPC) to other clients</description>
		</right>
		<right>
			<ns>org.jwebsocket.plugins.rpc</ns>
			<id>org.jwebsocket.rpc.sample.SampleRPCLibrary.getMD5</id>
			<description>A sample RPC demo</description>
		</right>
		<right>
			<ns>org.jwebsocket.plugins.rpc</ns>
			<id>org.jwebsocket.rpc.sample.SampleRPCLibrary.getRPCObject</id>
			<description>A RPC demo with custom RPC objects as arguments and return values</description>
		</right>
		<right>
			<ns>org.jwebsocket.plugins.rpc</ns>
			<id>org.jwebsocket.rpc.sample.SampleRPCLibrary.runIntDemo(int)</id>
			<description>A demo how to pass integers to unique (i.e. not overloaded) RPC's</description>
		</right>
		<right>
			<ns>org.jwebsocket.plugins.rpc</ns>
			<id>org.jwebsocket.rpc.sample.SampleRPCLibrary.runStringDemo(string)</id>
			<description>A demo how to pass strings to unique (i.e. not overloaded) RPC's</description>
		</right>
		<right>
			<ns>org.jwebsocket.plugins.rpc</ns>
			<id>org.jwebsocket.rpc.sample.SampleRPCLibrary.runListDemo(array)</id>
			<description>A demo how to pass arrays (lists) to unique (i.e. not overloaded) RPC's</description>
		</right>
		<right>
			<ns>org.jwebsocket.plugins.rpc</ns>
			<id>org.jwebsocket.rpc.sample.SampleRPCLibrary.runMapDemo(map)</id>
			<description>A demo how to pass maps to unique (i.e. not overloaded) RPC's</description>
		</right>
		<right>
			<ns>org.jwebsocket.plugins.rpc</ns>
			<id>org.jwebsocket.rpc.sample.SampleRPCLibrary.runOverloadDemo(int)</id>
			<description>A demo how to call overloaded methods (here with int argument).</description>
		</right>
		<right>
			<ns>org.jwebsocket.plugins.rpc</ns>
			<id>org.jwebsocket.rpc.sample.SampleRPCLibrary.runOverloadDemo(string)</id>
			<description>A demo how to call overloaded methods (here with string argument).</description>
		</right>
		<right>
			<ns>org.jwebsocket.plugins.rpc</ns>
			<id>org.jwebsocket.rpc.sample.SampleRPCLibrary.runOverloadDemo(array)</id>
			<description>A demo how to call overloaded methods (here with array argument).</description>
		</right>
		<right>
			<ns>org.jwebsocket.plugins.rpc</ns>
			<id>org.jwebsocket.rpc.sample.SampleRPCLibrary.runOverloadDemo(map)</id>
			<description>A demo how to call overloaded methods (here with map argument).</description>
		</right>
		<right>
			<ns>org.jwebsocket.plugins.rpc</ns>
			<id>org.jwebsocket.rpc.sample.Messaging.getMyMessages</id>
			<description>Return user's messages'</description>
		</right>
		<right>
			<ns>org.jwebsocket.plugins.rpc</ns>
			<id>org.jwebsocket.rpc.sample.SampleRPCLibrary.rrpcTest1()</id>
			<description>rpcTest</description>
		</right>
		<right>
			<ns>org.jwebsocket.plugins.rpc</ns>
			<id>org.jwebsocket.rpc.sample.SampleRPCLibrary.rrpcTest1(string)</id>
			<description>rpcTest</description>
		</right>
		<right>
			<ns>org.jwebsocket.plugins.rpc</ns>
			<id>org.jwebsocket.rpc.sample.SampleRPCLibrary.rrpcTest1(int)</id>
			<description>rpcTest</description>
		</right>
		<right>
			<ns>org.jwebsocket.plugins.rpc</ns>
			<id>org.jwebsocket.rpc.sample.SampleRPCLibrary.rrpcTest2(array, array)</id>
			<description>rpcTest</description>
		</right>

		<right>
			<ns>org.jwebsocket.plugins.rpc</ns>
			<id>org.jwebsocket.rpc.sample.Messaging.getMyMessages</id>
			<description>Return user's messages'</description>
		</right>


		<!-- configuration of jdbc plug-in specific rights -->
		<right>
			<ns>org.jwebsocket.plugins.jdbc</ns>
			<id>select</id>
			<description>Allows to select from jdbc resources</description>
		</right>
		<right>
			<ns>org.jwebsocket.plugins.jdbc</ns>
			<id>insert</id>
			<description>Allows to insert into jdbc resources</description>
		</right>
		<right>
			<ns>org.jwebsocket.plugins.jdbc</ns>
			<id>delete</id>
			<description>Allows to delete from jdbc resources</description>
		</right>
		<right>
			<ns>org.jwebsocket.plugins.jdbc</ns>
			<id>update</id>
			<description>Allows to update jdbc resources</description>
		</right>
		<right>
			<ns>org.jwebsocket.plugins.jdbc</ns>
			<id>querySQL</id>
			<description>Allows to select from jdbc resources using native SQL</description>
		</right>
		<right>
			<ns>org.jwebsocket.plugins.jdbc</ns>
			<id>updateSQL</id>
			<description>Allows to update/insert/delete jdbc resources using native SQL</description>
		</right>
		<right>
			<ns>org.jwebsocket.plugins.jdbc</ns>
			<id>execSQL</id>
			<description>Allows to update database meta data using native SQL</description>
		</right>

		<!-- configuration of jms plug-in specific rights -->
		<right>
			<ns>org.jwebsocket.plugins.jms</ns>
			<id>sendAndListen.queue.testQueue</id>
			<description>send and listen to queue with name: testQueue</description>
		</right>
		<right>
			<ns>org.jwebsocket.plugins.jms</ns>
			<id>listen.topic.testTopic</id>
			<description>listen to topic with name: testTopic</description>
		</right>
		<right>
			<ns>org.jwebsocket.plugins.jms</ns>
			<id>send.topic.testTopic</id>
			<description>send messages to topic with name: testTopic
			</description>
		</right>
		<right>
			<ns>org.jwebsocket.plugins.jms</ns>
			<id>sendAndListen.topic.stockTopic</id>
			<description>send and listen to topic with name: stockTopic</description>
		</right>
		<right>
			<ns>org.jwebsocket.plugins.jms</ns>
			<id>createConnection</id>
			<description>createConnection</description>
		</right>
		<right>
			<ns>org.jwebsocket.plugins.jms</ns>
			<id>createSession</id>
			<description>createSession</description>
		</right>
		<right>
			<ns>org.jwebsocket.plugins.jms</ns>
			<id>createQueue</id>
			<description>createQueue</description>
		</right>
		<right>
			<ns>org.jwebsocket.plugins.jms</ns>
			<id>createConsumer</id>
			<description>createConsumer</description>
		</right>
		<right>
			<ns>org.jwebsocket.plugins.jms</ns>
			<id>rw.test.queue</id>
			<description>read/write</description>
		</right>
		
		<!-- configuration of filesystem plug-in specific rights -->
		<right>
			<ns>org.jwebsocket.plugins.filesystem</ns>
			<id>load</id>
			<description>Allows to load files from file system</description>
		</right>
		<right>
			<ns>org.jwebsocket.plugins.filesystem</ns>
			<id>save</id>
			<description>Allows to save files on the server's alias based file system</description>
		</right>
		<right>
			<ns>org.jwebsocket.plugins.filesystem</ns>
			<id>append</id>
			<description>Allows to append files on the server's alias based file system</description>
		</right>
		<right>
			<ns>org.jwebsocket.plugins.filesystem</ns>
			<id>delete</id>
			<description>Allows to delete files from file system (private area)</description>
		</right>
		<right>
			<ns>org.jwebsocket.plugins.filesystem</ns>
			<id>exists</id>
			<description>Allows to detect if a file exists</description>
		</right>
		<right>
			<ns>org.jwebsocket.plugins.filesystem</ns>
			<id>send</id>
			<description>Allows to send files from one client to another client</description>
		</right>
		<right>
			<ns>org.jwebsocket.plugins.filesystem</ns>
			<id>getFilelist</id>
			<description>Allows to retrieve file lists from file system</description>
		</right>
		<right>
			<ns>org.jwebsocket.plugins.filesystem</ns>
			<id>observe</id>
			<description>Allows to monitor changes in files of the file system</description>
		</right>

		<!-- ItemStorage rights -->
		<right>
			<ns>org.jwebsocket.plugins.itemstorage</ns>
			<id>write_collection</id>
			<description>Allows to admin item collections (create, remove, clear, changeConfig)</description>
		</right>
		<right>
			<ns>org.jwebsocket.plugins.itemstorage</ns>
			<id>read_collection</id>
			<description>Allows to access item collections (list, getInfo, subscribe, authorize)</description>
		</right>
		<right>
			<ns>org.jwebsocket.plugins.itemstorage</ns>
			<id>write_item</id>
			<description>Allows to admin collection items (save, remove)</description>
		</right>
		<right>
			<ns>org.jwebsocket.plugins.itemstorage</ns>
			<id>read_item</id>
			<description>Allows to access collection items (find, list)</description>
		</right>
		<right>
			<ns>org.jwebsocket.plugins.itemstorage</ns>
			<id>write_definition</id>
			<description>Allows to admin item definitions (register, remove)</description>
		</right>
		<right>
			<ns>org.jwebsocket.plugins.itemstorage</ns>
			<id>read_definition</id>
			<description>Allows to access item definitions (list)</description>
		</right>
		<right>
			<ns>org.jwebsocket.plugins.itemstorage</ns>
			<id>clear_database</id>
			<description>Allows to clear the entire itemstorage database</description>
		</right>

		<!-- Caution! Be careful with this right!
				Unauthorized use could stop your server from
				providing its services! -->
		<right>
			<ns>org.jwebsocket.plugins.admin</ns>
			<id>shutdown</id>
			<description>Allows to shutdown the server</description>
		</right>
		<right>
			<ns>org.jwebsocket.plugins.admin</ns>
			<id>gc</id>
			<description>Allows to start the server's garbage collector</description>
		</right>
		<right>
			<ns>org.jwebsocket.plugins.admin</ns>
			<id>getConnections</id>
			<description>Allows to retreive current connections</description>
		</right>

		<!-- Channel rights -->
		<right>
			<ns>org.jwebsocket.plugins.channels</ns>
			<id>start</id>
			<description>Allows to start a channel</description>
		</right>
		<right>
			<ns>org.jwebsocket.plugins.channels</ns>
			<id>stop</id>
			<description>Allows to stop a channel</description>
		</right>
		<right>
			<ns>org.jwebsocket.plugins.channels</ns>
			<id>suspend</id>
			<description>Allows to suspend a channel</description>
		</right>
		<right>
			<ns>org.jwebsocket.plugins.channels</ns>
			<id>resume</id>
			<description>Allows to resume a channel</description>
		</right>
		<right>
			<ns>org.jwebsocket.plugins.channels</ns>
			<id>unsubscribe</id>
			<description>Allows to subscribe to and unsubscribe from a channel</description>
		</right>
		<right>
			<ns>org.jwebsocket.plugins.channels</ns>
			<id>subscribe</id>
			<description>Allows to subscribe to and subscribe to a channel</description>
		</right>
		<right>
			<ns>org.jwebsocket.plugins.channels</ns>
			<id>authorize</id>
			<description>Send an authorization request to the server to be allowed to publish in the channel</description>
		</right>
		<right>
			<ns>org.jwebsocket.plugins.channels</ns>
			<id>publish</id>
			<description>Allows to publish to a channel</description>
		</right>
		<right>
			<ns>org.jwebsocket.plugins.channels</ns>
			<id>getChannels</id>
			<description>Allows to retrieve the list of available channels</description>
		</right>
		<right>
			<ns>org.jwebsocket.plugins.channels</ns>
			<id>getSubscribers</id>
			<description>Allows to retrieve the list of subscribers of a certain channel</description>
		</right>
		<right>
			<ns>org.jwebsocket.plugins.channels</ns>
			<id>getPublishers</id>
			<description>Allows to retrieve the list of publishers from a certain channel</description>
		</right>
		<right>
			<ns>org.jwebsocket.plugins.channels</ns>
			<id>getSubscriptions</id>
			<description>Allows to retrieve the list of channels the current client subscribed to</description>
		</right>
		<right>
			<ns>org.jwebsocket.plugins.channels</ns>
			<id>createChannel</id>
			<description>Allows to create a new channel</description>
		</right>
		<right>
			<ns>org.jwebsocket.plugins.channels</ns>
			<id>removeChannel</id>
			<description>Allows to remove an existing channel</description>
		</right>
		<right>
			<ns>org.jwebsocket.plugins.channels</ns>
			<id>manageSystemChannels</id>
			<description>Allows to manage (create and remove) system channels from clients</description>
		</right>

		<!-- Scripting rights -->
		<right>
			<ns>org.jwebsocket.plugins.scripting</ns>
			<id>reloadApp.*</id>
			<description>Allows to reload JavaScript apps</description>
		</right>
		<right>
			<ns>org.jwebsocket.plugins.scripting</ns>
			<id>deploy.*</id>
			<description>Allows to deploy script apps in runtime</description>
		</right>
		<right>
			<ns>org.jwebsocket.plugins.scripting.simplechat</ns>
			<id>register</id>
			<description>Allows to register in the simplechat script app</description>
		</right>
	
		<!-- Load Balancer rights -->
		<right>
			<ns>org.jwebsocket.plugins.loadbalancer</ns>
			<id>clustersInfo</id>
			<description>Allows to get clusters information</description>	
		</right>
		<right>
			<ns>org.jwebsocket.plugins.loadbalancer</ns>
			<id>registerServiceEndPoint</id>
			<description>Allows to register a service endpoints</description>
		</right>
		<right>
			<ns>org.jwebsocket.plugins.loadbalancer</ns>
			<id>changeBalancerAlgorithm</id>
			<description>Allows to change the clusters balancer algorihtm</description>
		</right>
		<right>
			<ns>org.jwebsocket.plugins.loadbalancer</ns>
			<id>deregisterServiceEndPoint</id>
			<description>Allows to deregister a service endpoints</description>
		</right>
		<right>
			<ns>org.jwebsocket.plugins.loadbalancer</ns>
			<id>shutdownEndPoint</id>
			<description>Allows to shutdown a service endpoint</description>
		</right>
		<!-- QuotaPlugin rights -->
		<right>
			<ns>org.jwebsocket.plugins.quota</ns>
			<id>quota_create</id>
			<description>Allows to root to register a Quota instance</description>
		</right>
		<right>
			<ns>org.jwebsocket.plugins.quota</ns>
			<id>quota_remove</id>
			<description>Allows to root to unregister a Quota instance</description>
		</right>
		<right>
			<ns>org.jwebsocket.plugins.quota</ns>
			<id>quota_query</id>
			<description>Allows to jwebsocket logon users, and admin to consult quotas</description>
		</right>
	    <right>
			<ns>org.jwebsocket.plugins.quota</ns>
			<id>quota_update</id>
			<description>Allows to jwebsocket admin users to update quotas</description>
		</right>
		<!-- SMS plug-in rights-->
		<right>
			<ns>org.jwebsocket.plugins.sms</ns>
			<id>sendSMS</id>
			<description>Allows to jwebsocket  users to send SMS messages</description>
		</right>
		<right>
			<ns>org.jwebsocket.plugins.sms</ns>
			<id>generateReport</id>
			<description>Allows to jwebsocket  users to generate their SMS usage report</description>
		</right>
		<right>
			<ns>org.jwebsocket.plugins.sms</ns>
			<id>auditReports</id>
			<description>Allows to jwebsocket admin users to generate user's SMS report</description>
		</right>
		<!-- jWebSocket BPMN rights-->
		<right>
			<ns>org.jwebsocket.plugins.bpmn</ns>
			<id>load_file</id>
			<description>Allows to load a BPMN file</description>
		</right>

		<right>
			<ns>org.jwebsocket.plugins.bpmn</ns>
			<id>get_avaliable_processes</id>
			<description>Allows to read the loaded processes</description>
		</right>

		<right>
			<ns>org.jwebsocket.plugins.bpmn</ns>
			<id>execute_process</id>
			<description>Allows to start a process instance</description>
		</right>

		<right>
			<ns>org.jwebsocket.plugins.bpmn</ns>
			<id>suspend_process</id>
			<description>Allows to suspend a process instance</description>
		</right>

		<right>
			<ns>org.jwebsocket.plugins.bpmn</ns>
			<id>get_execution_processes</id>
			<description>Allows to read the execution of processes</description>
		</right>

		<right>
			<ns>org.jwebsocket.plugins.bpmn</ns>
			<id>get_tasks_by_processinstance</id>
			<description>Allows to read the tasks of a process instance</description>
		</right>

		<right>
			<ns>org.jwebsocket.plugins.bpmn</ns>
			<id>complete_task</id>
			<description>Complete a tasks</description>
		</right>
		<!-- Reporting plug-in rights-->
		<right>
			<ns>org.jwebsocket.plugins.reporting</ns>
			<id>getReports</id>
			<description>Allows to jwebsocket  users to get the list of existing reports</description>
		</right>
		<right>
			<ns>org.jwebsocket.plugins.reporting</ns>
			<id>generateReport</id>
			<description>Allows to jwebsocket  users to generate reports</description>
		</right>
		<right>
			<ns>org.jwebsocket.plugins.reporting</ns>
			<id>uploadTemplate</id>
			<description>Allows to jwebsocket  users to generate reports</description>
		</right>
		
		<!-- jWebSocket BPMN2OWL rights-->
		<right>
			<ns>org.jwebsocket.plugins.bpmn2owl</ns>
			<id>convert_bpmn_file</id>
			<description>Allows to convert a bpmn file to owl</description>
		</right>
	</rights>

	<!-- jWebSocket roles -->
	<roles>
		<role>
			<id>Administrator</id>
			<description>Administrators</description>
			<rights>
				
				<!-- BPMN2OWL rights -->
				<right>org.jwebsocket.plugins.bpmn2owl.convert_bpmn_file</right>
				
				<!-- System rights -->
				<right>org.jwebsocket.plugins.system.broadcast</right>
				<right>org.jwebsocket.plugins.system.getjvminfo</right>
				<right>org.jwebsocket.plugins.system.send</right>
				
				<!-- Chat rights -->
				<right>org.jwebsocket.plugins.chat.broadcast</right>
				
				<right>org.jwebsocket.plugins.rpc.rpc</right>
				<right>org.jwebsocket.plugins.rpc.rrpc</right>
				<!-- rights for RPC's consists of the name space for the RPC plug-in plus the class name plus the method -->
				<right>org.jwebsocket.plugins.rpc.org.jwebsocket.rpc.sample.Messaging.getMyMessages</right>
				<right>org.jwebsocket.plugins.rpc.org.jwebsocket.rpc.sample.SampleRPCLibrary.rrpcTest2(array, array)</right>
				<right>org.jwebsocket.plugins.rpc.org.jwebsocket.rpc.sample.SampleRPCLibrary.rrpcTest1()</right>
				<right>org.jwebsocket.plugins.rpc.org.jwebsocket.rpc.sample.SampleRPCLibrary.rrpcTest1(string)</right>
				<right>org.jwebsocket.plugins.rpc.org.jwebsocket.rpc.sample.SampleRPCLibrary.rrpcTest1(int)</right>
				<right>org.jwebsocket.plugins.rpc.org.jwebsocket.rpc.sample.SampleRPCLibrary.getMD5</right>
				<right>org.jwebsocket.plugins.rpc.org.jwebsocket.rpc.sample.Messaging.getMyMessages</right>
				
				<!-- JDBC rights -->
				<right>org.jwebsocket.plugins.jdbc.select</right>
				<right>org.jwebsocket.plugins.jdbc.update</right>
				<right>org.jwebsocket.plugins.jdbc.insert</right>
				<right>org.jwebsocket.plugins.jdbc.delete</right>
				<right>org.jwebsocket.plugins.jdbc.querySQL</right>
				<right>org.jwebsocket.plugins.jdbc.updateSQL</right>
				<right>org.jwebsocket.plugins.jdbc.execSQL</right>

				<!-- JMS rights -->
				<right>org.jwebsocket.plugins.jms.sendAndListen.queue.testQueue</right>
				<right>org.jwebsocket.plugins.jms.listen.topic.testTopic</right>
				<right>org.jwebsocket.plugins.jms.send.topic.testTopic</right>
				<right>org.jwebsocket.plugins.jms.sendAndListen.topic.stockTopic</right>
				
				<right>org.jwebsocket.plugins.jms.createSession</right>
				<right>org.jwebsocket.plugins.jms.createConnection</right>
				<right>org.jwebsocket.plugins.jms.createQueue</right>
				<right>org.jwebsocket.plugins.jms.createConsumer</right>
				<right>org.jwebsocket.plugins.jms.rw.test.queue</right>

				<!-- filesystem rights -->
				<right>org.jwebsocket.plugins.filesystem.load</right>
				<right>org.jwebsocket.plugins.filesystem.save</right>
				<right>org.jwebsocket.plugins.filesystem.append</right>
				<right>org.jwebsocket.plugins.filesystem.delete</right>
				<right>org.jwebsocket.plugins.filesystem.exists</right>
				<right>org.jwebsocket.plugins.filesystem.send</right>
				<right>org.jwebsocket.plugins.filesystem.getFilelist</right>
				<right>org.jwebsocket.plugins.filesystem.observe</right>

				<!-- itemstorage rights -->
				<right>org.jwebsocket.plugins.itemstorage.write_collection</right>
				<right>org.jwebsocket.plugins.itemstorage.read_collection</right>
				<right>org.jwebsocket.plugins.itemstorage.write_item</right>
				<right>org.jwebsocket.plugins.itemstorage.read_item</right>
				<right>org.jwebsocket.plugins.itemstorage.write_definition</right>
				<right>org.jwebsocket.plugins.itemstorage.read_definition</right>
				<right>org.jwebsocket.plugins.itemstorage.clear_database</right>

				<!-- Caution! Be careful with this right!
						Unauthorized use could stop your server from
						providing its services! -->
				<right>org.jwebsocket.plugins.admin.shutdown</right>
				<right>org.jwebsocket.plugins.admin.gc</right>
				<right>org.jwebsocket.plugins.admin.getConnections</right>

				<!-- channel rights -->
				<right>org.jwebsocket.plugins.channels.start</right>
				<right>org.jwebsocket.plugins.channels.stop</right>
				<right>org.jwebsocket.plugins.channels.suspend</right>
				<right>org.jwebsocket.plugins.channels.resume</right>
				<right>org.jwebsocket.plugins.channels.subscribe</right>
				<right>org.jwebsocket.plugins.channels.unsubscribe</right>
				<right>org.jwebsocket.plugins.channels.authorize</right>
				<right>org.jwebsocket.plugins.channels.publish</right>
				<right>org.jwebsocket.plugins.channels.getChannels</right>
				<right>org.jwebsocket.plugins.channels.getSubscribers</right>
				<right>org.jwebsocket.plugins.channels.getSubscriptions	</right>
				<right>org.jwebsocket.plugins.channels.createChannel</right>
				<right>org.jwebsocket.plugins.channels.removeChannel</right>
				<right>org.jwebsocket.plugins.channels.manageSystemChannels</right>

				<!-- itemstorage rights -->
				<right>org.jwebsocket.plugins.itemstorage.write_collection</right>
				<right>org.jwebsocket.plugins.itemstorage.read_collection</right>
				<right>org.jwebsocket.plugins.itemstorage.write_item</right>
				<right>org.jwebsocket.plugins.itemstorage.read_item</right>
				<right>org.jwebsocket.plugins.itemstorage.write_definition</right>
				<right>org.jwebsocket.plugins.itemstorage.read_definition</right>

				<!-- scripting rights -->
				<right>org.jwebsocket.plugins.scripting.reloadApp.*</right>
				<right>org.jwebsocket.plugins.scripting.deploy.*</right>
				<right>org.jwebsocket.plugins.scripting.simplechat.register</right>
				
				<!-- Load balancer rights -->
				<right>org.jwebsocket.plugins.loadbalancer.clustersInfo</right>
				<right>org.jwebsocket.plugins.loadbalancer.changeBalancerAlgorithm</right>
				<right>org.jwebsocket.plugins.loadbalancer.registerServiceEndPoint</right>
				<right>org.jwebsocket.plugins.loadbalancer.deregisterServiceEndPoint</right>
				<right>org.jwebsocket.plugins.loadbalancer.shutdownEndPoint</right>
				
				<!-- Quota rights -->
				<right>org.jwebsocket.plugins.quota.quota_create</right>
				<right>org.jwebsocket.plugins.quota.quota_remove</right>
				<right>org.jwebsocket.plugins.quota.quota_query</right>
				<right>org.jwebsocket.plugins.quota.quota_update</right>
				
				<!-- Reporting rights-->
				<right>org.jwebsocket.plugins.reporting.getReports</right>
				<right>org.jwebsocket.plugins.reporting.generateReport</right>
				<right>org.jwebsocket.plugins.reporting.uploadTemplate</right>
				
				<!-- SMS rights-->
				<right>org.jwebsocket.plugins.sms.sendSMS</right>
				<right>org.jwebsocket.plugins.sms.generateReport</right>
				<right>org.jwebsocket.plugins.sms.auditReports</right>

				<!-- BPMN rights-->
				<right>org.jwebsocket.plugins.bpmn.load_file</right>
				<right>org.jwebsocket.plugins.bpmn.get_avaliable_processes</right>
				<right>org.jwebsocket.plugins.bpmn.execute_process</right>
				<right>org.jwebsocket.plugins.bpmn.suspend_process</right>
				<right>org.jwebsocket.plugins.bpmn.get_execution_processes</right>
				<right>org.jwebsocket.plugins.bpmn.get_tasks_by_processinstance</right>
				<right>org.jwebsocket.plugins.bpmn.complete_task</right>
			</rights>
		</role>
		<role>
			<id>User</id>
			<description>Registered and authenticated users.</description>
			<rights>
				<!-- list of rights for "User" role (ns + . + id) -->
				<right>org.jwebsocket.plugins.system.broadcast</right>
				<right>org.jwebsocket.plugins.system.send</right>
				<right>org.jwebsocket.plugins.chat.broadcast</right>
				<right>org.jwebsocket.plugins.rpc.rpc</right>
				<right>org.jwebsocket.plugins.rpc.rrpc</right>
				<!-- rights for RPC's consists of the name space for the RPC plug-in plus the class name plus the method -->
				<right>org.jwebsocket.plugins.rpc.org.jwebsocket.rpc.sample.Messaging.getMyMessages</right>
				<right>org.jwebsocket.plugins.rpc.org.jwebsocket.rpc.sample.SampleRPCLibrary.rrpcTest2(array, array)</right>
				<right>org.jwebsocket.plugins.rpc.org.jwebsocket.rpc.sample.SampleRPCLibrary.rrpcTest1()</right>
				<right>org.jwebsocket.plugins.rpc.org.jwebsocket.rpc.sample.SampleRPCLibrary.rrpcTest1(string)</right>
				<right>org.jwebsocket.plugins.rpc.org.jwebsocket.rpc.sample.SampleRPCLibrary.rrpcTest1(int)</right>
				<right>org.jwebsocket.plugins.rpc.org.jwebsocket.rpc.sample.SampleRPCLibrary.getMD5</right>
				<right>org.jwebsocket.plugins.rpc.org.jwebsocket.rpc.sample.Messaging.getMyMessages</right>

				<!-- JDBC rights -->
				<right>org.jwebsocket.plugins.jdbc.select</right>
				<right>org.jwebsocket.plugins.jdbc.querySQL</right>

				<!-- filesystem rights -->
				<right>org.jwebsocket.plugins.filesystem.load</right>
				<right>org.jwebsocket.plugins.filesystem.save</right>
				<right>org.jwebsocket.plugins.filesystem.append</right>
				<right>org.jwebsocket.plugins.filesystem.delete</right>
				<right>org.jwebsocket.plugins.filesystem.exists</right>
				<right>org.jwebsocket.plugins.filesystem.send</right>
				<right>org.jwebsocket.plugins.filesystem.getFilelist</right>
				<right>org.jwebsocket.plugins.filesystem.observe</right>
				
				<!-- Quota rights -->
				<right>org.jwebsocket.plugins.quota.quota_query</right>

				<!-- scripting rights -->
				<right>org.jwebsocket.plugins.scripting.reloadApp.*</right>
				<right>org.jwebsocket.plugins.scripting.deploy.*</right>
				<right>org.jwebsocket.plugins.scripting.simplechat.register</right>
			</rights>
		</role>
		<role>
			<id>Guest</id>
			<description>Anonymous users (not registered)</description>
			<rights>
				<!-- list of rights for "Guest" role (ns + . + id) -->
				<right>org.jwebsocket.plugins.system.broadcast</right>
				<right>org.jwebsocket.plugins.system.send</right>
				<right>org.jwebsocket.plugins.chat.broadcast</right>
				<right>org.jwebsocket.plugins.rpc.rpc</right>
				<!-- rights for RPC's consists of the name space for the RPC plug-in plus the class name plus the method -->
				<right>org.jwebsocket.plugins.rpc.org.jwebsocket.rpc.sample.Messaging.getMyMessages</right>
				<right>org.jwebsocket.plugins.rpc.org.jwebsocket.rpc.sample.SampleRPCLibrary.rrpcTest2(array, array)</right>
				<right>org.jwebsocket.plugins.rpc.org.jwebsocket.rpc.sample.SampleRPCLibrary.rrpcTest1()</right>
				<right>org.jwebsocket.plugins.rpc.org.jwebsocket.rpc.sample.SampleRPCLibrary.rrpcTest1(string)</right>
				<right>org.jwebsocket.plugins.rpc.org.jwebsocket.rpc.sample.SampleRPCLibrary.rrpcTest1(int)</right>
				<right>org.jwebsocket.plugins.rpc.org.jwebsocket.rpc.sample.SampleRPCLibrary.getMD5</right>
				<right>org.jwebsocket.plugins.rpc.org.jwebsocket.rpc.sample.SampleRPCLibrary.getRPCObject</right>
				<!-- configure rights for methods with unique identifiers, optionally including args -->
				<right>org.jwebsocket.plugins.rpc.org.jwebsocket.rpc.sample.SampleRPCLibrary.runIntDemo(int)</right>
				<right>org.jwebsocket.plugins.rpc.org.jwebsocket.rpc.sample.SampleRPCLibrary.runStringDemo</right>
				<right>org.jwebsocket.plugins.rpc.org.jwebsocket.rpc.sample.SampleRPCLibrary.runListDemo(array)</right>
				<right>org.jwebsocket.plugins.rpc.org.jwebsocket.rpc.sample.SampleRPCLibrary.runMapDemo</right>
				<!-- configure individual rights for each overloaded method separately, including args -->
				<right>org.jwebsocket.plugins.rpc.org.jwebsocket.rpc.sample.SampleRPCLibrary.runOverloadDemo(int)</right>
				<right>org.jwebsocket.plugins.rpc.org.jwebsocket.rpc.sample.SampleRPCLibrary.runOverloadDemo(string)</right>
				<right>org.jwebsocket.plugins.rpc.org.jwebsocket.rpc.sample.SampleRPCLibrary.runOverloadDemo(array)</right>
				<right>org.jwebsocket.plugins.rpc.org.jwebsocket.rpc.sample.SampleRPCLibrary.runOverloadDemo(map)</right>
				<right>org.jwebsocket.plugins.rpc.org.jwebsocket.rpc.sample.Messaging.getMyMessages</right>

				<!-- JDBC rights -->
				<right>org.jwebsocket.plugins.jdbc.select</right>

				<!-- JMS rights -->
				<right>org.jwebsocket.plugins.jms.sendAndListen.queue.testQueue</right>
				<right>org.jwebsocket.plugins.jms.listen.topic.testTopic</right>
				<right>org.jwebsocket.plugins.jms.send.topic.testTopic</right>
				<right>org.jwebsocket.plugins.jms.sendAndListen.topic.stockTopic</right>
				
				<right>org.jwebsocket.plugins.jms.createSession</right>
				<right>org.jwebsocket.plugins.jms.createConnection</right>
				<right>org.jwebsocket.plugins.jms.createQueue</right>
				<right>org.jwebsocket.plugins.jms.createConsumer</right>
				<right>org.jwebsocket.plugins.jms.rw.test.queue</right>

				<!-- filesystem rights -->
				<right>org.jwebsocket.plugins.filesystem.load</right>
				<right>org.jwebsocket.plugins.filesystem.send</right>
				<right>org.jwebsocket.plugins.filesystem.getFilelist</right>

				<!-- Channel rights -->
				<right>org.jwebsocket.plugins.channels.subscribe</right>
				<right>org.jwebsocket.plugins.channels.unsubscribe</right>

				<right>org.jwebsocket.plugins.channels.authorize</right>
				<right>org.jwebsocket.plugins.channels.publish</right>
				<right>org.jwebsocket.plugins.channels.getChannels</right>
				<right>org.jwebsocket.plugins.channels.getSubscribers</right>
				<right>org.jwebsocket.plugins.channels.getPublishers</right>
				<right>org.jwebsocket.plugins.channels.getSubscriptions</right>
				<right>org.jwebsocket.plugins.channels.getChannels</right>
				<right>org.jwebsocket.plugins.channels.createChannel</right>
				<right>org.jwebsocket.plugins.channels.removeChannel</right>

				<!-- scripting rights -->
				<right>org.jwebsocket.plugins.scripting.reloadApp.*</right>
				<right>org.jwebsocket.plugins.scripting.deploy.*</right>
				<right>org.jwebsocket.plugins.scripting.simplechat.register</right>
			</rights>

		</role>
        
	</roles>

	<!-- jWebSocket users -->
	<users>
        
		<user>
			<uuid>000-000-001-2011-07-14-11-32-40-223</uuid>
			<loginname>guest</loginname>
			<firstname>jWebSocket Guest User</firstname>
			<lastname>(Guest Role)</lastname>
			<!-- no password means that the user does not need a password -->
			<password>guest</password>
			<description>jWebSocket Guest User</description>
			<status>1</status>
			<roles>
				<!-- should be restricted in your application! open for demo purposes only! -->
				<role>Guest</role>
			</roles>
		</user>
        
		<user>
			<uuid>000-000-002-2011-07-14-11-33-20-493</uuid>
			<loginname>user</loginname>
			<firstname>jWebSocket Authenticated User</firstname>
			<lastname>(User Role)</lastname>
			<password>user</password>
			<description>jWebSocket Standard User</description>
			<!-- 0=blocked 1=allowed ... future states pending -->
			<status>1</status>
			<roles>
				<!-- the rights of all roles are merged -->
				<role>Guest</role>
				<role>User</role>
			</roles>
		</user>
        
		<user>
			<uuid>000-000-003-2011-07-14-11-34-17-189</uuid>
			<loginname>root</loginname>
			<firstname>jWebSocket Root User</firstname>
			<lastname>(Administrator Role)</lastname>
			<password>root</password>
			<description>jWebSocket Root User</description>
			<!-- 0=blocked 1=allowed ... future states pending -->
			<status>1</status>
			<roles>
				<!-- the rights of all roles are merged -->
				<role>Guest</role>
				<role>User</role>
				<role>Administrator</role>
			</roles>
		</user>
        
		<user>
			<uuid>000-000-004-2013-03-11-12-27-34-384</uuid>
			<loginname>demo</loginname>
			<firstname>jWebSocket Demo User</firstname>
			<lastname>(Demo Role)</lastname>
			<password>demo</password>
			<description>jWebSocket Demo User</description>
			<!-- 0=blocked 1=allowed ... future states pending -->
			<status>1</status>
			<roles>
				<!-- the rights of all roles are merged -->
				<role>Guest</role>
				<role>User</role>
				<role>Administrator</role>
			</roles>
		</user>
        
		<user>
			<uuid>000-000-004-2011-07-14-11-35-54-871</uuid>
			<loginname>anonymous</loginname>
			<firstname>jWebSocket Anonymous User</firstname>
			<lastname>(Roles to be specified!)</lastname>
			<!-- empty password -->
			<password></password>
			<description>jWebSocket Anonymous User (Specify if anonymous logins should be supported at all in System Plug-in)</description>
			<!-- 0=blocked 1=allowed ... future states pending -->
			<status>1</status>
			<roles>
				<!-- the rights of all roles are merged -->
				<role>Guest</role>
				<role>User</role>
				<role>Administrator</role>
			</roles>
		</user>
        
	</users>

	<!-- plug-ins to be instantiated for jWebSocket -->
	<plugins>
        
		<!-- the system plug-in, do not remove, mandatory for basic WebsScket communication operations -->
		<plugin>
			<name>org.jwebsocket.plugins.system.SystemPlugIn</name>
			<ns>org.jwebsocket.plugins.system</ns>
			<id>jws.system</id>
            <jar>jWebSocketServer-1.0.jar</jar>
			<!-- plug-in specific settings -->
			<settings>
				<setting key="spring_config">${JWEBSOCKET_HOME}conf/SystemPlugIn/system.xml</setting>
				
				<!-- specify whether open, close, login, logout events should 
					 be broadcasted per default. To suppress these broadcasts
					 per events turn settings "on" here and optionally suppress
					 them per client command. -->
				<setting key="broadcastOpenEvent">false</setting>
				<setting key="broadcastCloseEvent">false</setting>
				<setting key="broadcastLoginEvent">false</setting>
				<setting key="broadcastLogoutEvent">false</setting>
				<setting key="allowAnonymousLogin">true</setting>
				<!-- this is the user name used for anonymous logins,
					all anonymous users that just connect will get this user 
					name and all roles and rights assigned to this user.
					Hence, be careful with the roles and rights you assign to 
					this user when you set allowAnonymousLogin to true -->
				<setting key="anonymousLoginName">anonymous</setting>
				<setting key="loginNameCaseInsensitive">true</setting>
				<!-- if this flag is set to true all unknown users automatically 
					are anonymous users. This means they required the optional 
					anonymous password and they get the roles and rights from 
					the anonymous user. -->
				<setting key="allowAutoAnonymous">true</setting>
			</settings>
			<server-assignments>
				<server-assignment>ts0</server-assignment>
			</server-assignments>
		</plugin>

		<!-- plug-in to remotely control the server -->
		<plugin>
			<name>org.jwebsocket.plugins.admin.AdminPlugIn</name>
			<id>jws.admin</id>
			<ns>org.jwebsocket.plugins.admin</ns>
			<jar>jWebSocketAdminPlugIn-1.0.jar</jar>
			<server-assignments>
				<server-assignment>ts0</server-assignment>
			</server-assignments>
			<settings>
				<!-- shall shutting down be allowed from the outside? -->
				<!-- if set to true it will still depend on the right
				     org.jwebsocket.plugins.admin.shutdown -->
				<setting key="allowShutdown">true</setting>
				<!-- Number of days. Show the logs that are in the range of n last days. -->
				<setting key="numberOfDays">30</setting>
			</settings>
		</plugin>

		<!-- ItemStorage plug-in -->
		<plugin>
			<name>org.jwebsocket.plugins.itemstorage.ItemStoragePlugIn</name>
			<id>jws.itemstorage</id>
			<ns>org.jwebsocket.plugins.itemstorage</ns>
			<jars>
				<jar>${JWEBSOCKET_HOME}libs/jWebSocketItemStoragePlugIn-1.0.jar</jar>
			</jars>
			<!-- plug-in specific settings -->
			<settings>
				<setting key="spring_config">${JWEBSOCKET_HOME}conf/ItemStoragePlugIn/itemstorage.xml</setting>
				<!-- Authorization method 
				     - spring: Uses the user Spring authentication to check for granted authorities 
					 - embedded: Uses the user embedded (jWebSocket.xml users definition) authentication
					   to check for granted authorities (rights)
					   
					 Default value is "spring"
					   
					 Required user authorities for the ItemStorage plug-in:
					 - org.jwebsocket.plugins.itemstorage.write_collection
					 - org.jwebsocket.plugins.itemstorage.read_collection
					 - org.jwebsocket.plugins.itemstorage.write_item
					 - org.jwebsocket.plugins.itemstorage.read_item
					 - org.jwebsocket.plugins.itemstorage.write_definition
					 - org.jwebsocket.plugins.itemstorage.read_definition
				-->
				<!-- The fragment size attribute is used on the fragmentation  of outgoing messages -->
				<setting key="fragmentSize">2000</setting>
			</settings>
			<server-assignments>
				<server-assignment>ts0</server-assignment>
			</server-assignments>
		</plugin>

		<!-- FlashBridge-Plug-in to support WebSocket communication on older browsers via flash -->
		<plugin>
			<name>org.jwebsocket.plugins.flashbridge.FlashBridgePlugIn</name>
			<id>jws.flashbridge</id>
			<ns>org.jwebsocket.plugins.flashbridge</ns>
			<jar>jWebSocketServer-1.0.jar</jar>
			<server-assignments>
				<server-assignment>ts0</server-assignment>
			</server-assignments>
			<settings>
				<!--  if you remove this setting the plug-in uses an internal
				     "allow all ports and domains" default crossdomain.xml -->
				<setting key="crossdomain_xml">${JWEBSOCKET_HOME}conf/FlashPlugIn/crossdomain.xml</setting>
				 <!-- Please don't change this configuration if not necessary.
				 In case that you are running the server from linux you will 
				 need special privileges to use any port under 1024, for special 
                 requirements in Linux OS, please refer to our Linux Tips page:
				 http://jwebsocket.org/documentation/reference-guide/linux-tips. -->
				<!-- <setting key="port">8843</setting> -->
			</settings>
		</plugin>
		
		<!-- jWebSocket Chat PlugIn -->
		<plugin>
			<name>org.jwebsocket.plugins.chat.ChatPlugIn</name>
			<id>jws.chat</id>
			<ns>org.jwebsocket.plugins.chat</ns>
			<jar>jWebSocketChatPlugIn-1.0.jar</jar>
			<server-assignments>
				<server-assignment>ts0</server-assignment>
			</server-assignments>
		</plugin>
		
		<plugin>
			<name>org.jwebsocket.plugins.paypal.PayPalPlugIn</name>
			<id>jws.paypal</id>
			<ns>org.jwebsocket.plugins.paypal</ns>
			<jar>jWebSocketPayPalPlugIn-1.0.jar</jar>
            <settings>
				<setting key="spring_config">${JWEBSOCKET_HOME}conf/PayPalPlugIn/paypal.xml</setting>
			</settings>
			<server-assignments>
				<server-assignment>ts0</server-assignment>
			</server-assignments>
		</plugin>
                
		<!-- Plug-in for shared objects -->
		<plugin>
			<name>org.jwebsocket.plugins.sharedobjects.SharedObjectsPlugIn</name>
			<id>jws.sharedObjects</id>
			<ns>org.jwebsocket.plugins.sharedobjects</ns>
			<jar>jWebSocketSharedObjectsPlugIn-1.0.jar</jar>
			<server-assignments>
				<server-assignment>ts0</server-assignment>
			</server-assignments>
		</plugin>
		
		<!-- Plug-in for shared canvas -->
		<plugin>
			<name>org.jwebsocket.plugins.sharedcanvas.SharedCanvasPlugIn</name>
			<id>jws.sharedCanvas</id>
			<ns>jws.canvas</ns>
			<jar>jWebSocketSharedCanvasPlugIn-1.0.jar</jar>
			<server-assignments>
				<server-assignment>ts0</server-assignment>
			</server-assignments>
		</plugin>

		<!-- plug-in to support various independant streams on the server -->
		<plugin>
			<name>org.jwebsocket.plugins.streaming.StreamingPlugIn</name>
			<id>jws.streaming</id>
			<ns>org.jwebsocket.plugins.streaming</ns>
			<jar>jWebSocketStreamingPlugIn-1.0.jar</jar>
			<server-assignments>
				<server-assignment>ts0</server-assignment>
			</server-assignments>
		</plugin>

		<!-- jWebSocket Channel plug-in to communicate via channels -->
		<plugin>
			<name>org.jwebsocket.plugins.channels.ChannelPlugIn</name>
			<id>jws.channels</id>
			<ns>org.jwebsocket.plugins.channels</ns>
			<jar>jWebSocketChannelPlugIn-1.0.jar</jar>
			<server-assignments>
				<server-assignment>ts0</server-assignment>
			</server-assignments>
			<settings>
				<setting key="spring_config">${JWEBSOCKET_HOME}conf/ChannelPlugIn/channel.xml</setting>
				<!-- config has been moved to channel.xml spring config -->
			</settings>
		</plugin>

		<!-- proxy plug-in to support shared connections on port 80/443 to avoid firewall issues -->
		<!--
		<plugin>
			<name>org.jwebsocket.plugins.proxy.ProxyPlugIn</name>
			<id>jws.cluster</id>
			<ns>org.jwebsocket.plugins.proxy</ns>
			<jar>jWebSocketProxyPlugIn-1.0.jar</jar>
			<server-assignments>
				<server-assignment>ts0</server-assignment>
			</server-assignments>
			<settings>
				< ! - -  specify plug-in settings - - >
				<setting key="from_host">localhost</setting>
				<setting key="from_port">5557</setting>
				<setting key="http_host">localhost</setting>
				<setting key="http_port">8080</setting>
				<setting key="ws_host">localhost</setting>
				<setting key="ws_port">8787</setting>
			</settings>
		</plugin>
		-->
		
		<!-- plug-in to put multiple WebSocket Servers together to a cluster 
			requires a message broker like Apache ActiveMQ as cluster backbone
		-->
		<!--
		<plugin>
			<name>org.jwebsocket.plugins.cluster.ClusterPlugIn</name>
			<id>jws.cluster</id>
			<ns>org.jwebsocket.plugins.cluster</ns>
			<jar>jWebSocketClusterPlugIn-1.0.jar</jar>
			<server-assignments>
				<server-assignment>ts0</server-assignment>
			</server-assignments>
			<settings>
				<setting key="spring_config">${JWEBSOCKET_HOME}conf/ClusterPlugIn/cluster.xml</setting>
			</settings>
		</plugin>
		-->
		
		<!-- plug-in to track statistic data about the server usage -->
		<!-- Attention! This plug-in requires the statistics filter setting -->
		<plugin>
			<!-- ensure that this plug-in is loaded after the streaming plug-in! -->
			<name>org.jwebsocket.plugins.statistics.StatisticsPlugIn</name>
			<id>jws.statistics</id>
			<ns>org.jwebsocket.plugins.statistics</ns>
			<jar>jWebSocketStatisticsPlugIn-1.0.jar</jar>
			<server-assignments>
				<server-assignment>ts0</server-assignment>
			</server-assignments>
		</plugin>

		<!-- plug-in to access SQL databases via WebSockets -->
		<plugin>
			<name>org.jwebsocket.plugins.jdbc.JDBCPlugIn</name>
			<id>jws.jdbc</id>
			<ns>org.jwebsocket.plugins.jdbc</ns>
			<jar>jWebSocketJDBCPlugIn-1.0.jar</jar>
			<server-assignments>
				<server-assignment>ts0</server-assignment>
			</server-assignments>
			<settings>
				<setting key="spring_config">${JWEBSOCKET_HOME}conf/JDBCPlugIn/jdbc.xml</setting>
			</settings>
		</plugin>

		<!-- plug-in for messaging via JMS -->
		<plugin>
			<name>org.jwebsocket.plugins.jms.JMSPlugIn</name>
			<id>jws.jms</id>
			<ns>org.jWebSocket.plugins.jms</ns>
			<jar>jWebSocketJMSPlugIn-1.0.jar</jar>
			<server-assignments>
				<server-assignment>ts0</server-assignment>
			</server-assignments>
			<settings>
				<setting key="spring_config">${JWEBSOCKET_HOME}conf/JMSPlugIn/jms.xml</setting>
				<setting key="connectionFactory:1" type="json">{name:"connectionFactory"}</setting>
				<setting key="destination:1" type="json">{name:"testQueue",pubSubDomain:false,cfName:"connectionFactory",deliveryPersistent:false}</setting>
				<setting key="destination:2" type="json">{name:"testTopic",pubSubDomain:true,cfName:"connectionFactory",deliveryPersistent:false}</setting>
				<setting key="destination:3" type="json">{name:"stockTopic",pubSubDomain:true,cfName:"connectionFactory",deliveryPersistent:false}</setting>
			</settings>
		</plugin>

		<!-- plug-in for messaging via JMS -->
		<plugin>
			<name>org.jwebsocket.plugins.jmsdemo.JMSDemoPlugIn</name>
			<id>jws.jmsdemo</id>
			<ns>org.jWebSocket.plugins.jmsdemo</ns>
			<jar>jWebSocketJMSDemoPlugIn-1.0.jar</jar>
			<server-assignments>
				<server-assignment>ts0</server-assignment>
			</server-assignments>
			<settings>
				<setting key="spring_config">${JWEBSOCKET_HOME}conf/JMSPlugIn/jmsdemo.xml</setting>
			</settings>
		</plugin>

		<!-- jWebSocket Load Balancer plug-in -->
		<plugin>
			<name>org.jwebsocket.plugins.loadbalancer.LoadBalancerPlugIn</name>
			<id>jws.lb</id>
			<ns>org.jWebSocket.plugins.loadbalancer</ns>
			<jar>jWebSocketLoadBalancerPlugIn-1.0.jar</jar>
			<server-assignments>
				<server-assignment>ts0</server-assignment>
			</server-assignments>
			<settings>
				<setting key="spring_config">${JWEBSOCKET_HOME}conf/LoadBalancerPlugIn/loadbalancer.xml</setting>
			</settings>
		</plugin>
		
		<!-- plug-in to support server side logging for clients -->
		<!-- THIS PLUG-IN REQUIRES THE JDBC PLUG-IN! -->
		<!-- LOAD JDBC PLUG-IN BEFORE THE LOGGING-PLUG-IN! -->
		<plugin>
			<name>org.jwebsocket.plugins.logging.LoggingPlugIn</name>
			<id>jws.logging</id>
			<ns>org.jwebsocket.plugins.logging</ns>
			<jar>jWebSocketLoggingPlugIn-1.0.jar</jar>
			<server-assignments>
				<server-assignment>ts0</server-assignment>
			</server-assignments>
			<settings>
				<setting key="spring_config">${JWEBSOCKET_HOME}conf/LoggingPlugIn/logging.xml</setting>
			</settings>
		</plugin>

		<!-- plug-in to send mails via WebSockets -->
		<plugin>
			<name>org.jwebsocket.plugins.mail.MailPlugIn</name>
			<id>jws.mail</id>
			<ns>org.jwebsocket.plugins.mail</ns>
			<jar>jWebSocketMailPlugIn-1.0.jar</jar>
			<server-assignments>
				<server-assignment>ts0</server-assignment>
			</server-assignments>
			<settings>
				<setting key="spring_config">${JWEBSOCKET_HOME}conf/MailPlugIn/mail.xml</setting>
			</settings>
		</plugin>

		<!-- plug-in to generate and validate Captchas -->
		<plugin>
			<name>org.jwebsocket.plugins.jcaptcha.JCaptchaPlugIn</name>
			<id>jws.jcaptcha</id>
			<ns>org.jwebsocket.plugins.jcaptcha</ns>
			<jar>jWebSocketJCaptchaPlugIn-1.0.jar</jar>
			<server-assignments>
				<server-assignment>ts0</server-assignment>
			</server-assignments>
			<settings>
				<!-- Note, these settings are provided in order to validate 
				user CAPTCHA using ReCAPTCHA to avoid spamming and unwanted 
				user attacks, for more information, please visit this link: 
				https://developers.google.com/recaptcha/intro -->
				<!--recaptcha_secret_key: Please provide here the secret key 
				generated by google, so the server side application can check 
				if the user did a correct CAPTCHA selection-->
				<setting key="recaptcha_secret_key">6LcubwkTAAAAAJVIYhIakwVcSpl3RLuRAchJv7Nz</setting>
				<!--recaptcha_remote_ip: Please enter here one of the valid domains you provided 
				while creating your key for ReCAPTCHA service-->
				<setting key="recaptcha_remote_ip">localhost</setting>
			</settings>
		</plugin>

		<!-- plug-in to send mails via WebSockets -->
		<plugin>
			<name>org.jwebsocket.plugins.sms.SMSPlugIn</name>
			<id>jws.sms</id>
			<ns>org.jwebsocket.plugins.sms</ns>
			<jar>jWebSocketSMSPlugIn-1.0.jar</jar>
			<server-assignments>
				<server-assignment>ts0</server-assignment>
			</server-assignments>
			<settings>
				<setting key="spring_config">${JWEBSOCKET_HOME}conf/SMSPlugIn/sms.xml</setting>
			</settings>
		</plugin>

		<!-- plug-in to access the streaming twitter API -->
		<plugin>
			<name>org.jwebsocket.plugins.twitter.TwitterPlugIn</name>
			<id>jws.twitter</id>
			<ns>org.jwebsocket.plugins.twitter</ns>
			<jar>jWebSocketTwitterPlugIn-1.0.jar</jar>
			<server-assignments>
				<server-assignment>ts0</server-assignment>
			</server-assignments>
			<settings>
				<setting key="spring_config">${JWEBSOCKET_HOME}conf/TwitterPlugIn/twitter.xml</setting>
			</settings>
		</plugin>

		<!-- plug-in for XMPP/Jabber compatible chats -->
		<plugin>
			<name>org.jwebsocket.plugins.xmpp.XMPPPlugIn</name>
			<id>jws.xmpp</id>
			<ns>org.jwebsocket.plugins.xmpp</ns>
			<jar>jWebSocketXMPPPlugIn-1.0.jar</jar>
			<server-assignments>
				<server-assignment>ts0</server-assignment>
			</server-assignments>
			<settings>
				<setting key="spring_config">${JWEBSOCKET_HOME}conf/XMPPPlugIn/xmpp.xml</setting>
			</settings>
		</plugin>

		<!-- filesystem plug-in to access server files via WebSockets -->
		<plugin>
			 <name>org.jwebsocket.plugins.filesystem.FileSystemPlugIn</name> 
			<id>jws.filesystem</id>
			<ns>org.jwebsocket.plugins.filesystem</ns>
			<jars>
				<jar>${JWEBSOCKET_HOME}libs/jWebSocketFileSystemPlugIn-1.0.jar</jar>
			</jars>
			<!-- plug-in specific settings -->
			<settings>
				<setting key="spring_config">${JWEBSOCKET_HOME}conf/FileSystemPlugIn/filesystem.xml</setting>
				<!-- Authorization method 
				     - spring: Uses the user Spring authentication to check for granted authorities 
					 - embedded: Uses the user embedded (jWebSocket.xml users definition) authentication
					   to check for granted authorities (rights)
					   
					 Default value is "spring"
					   
					 Required user authorities for the FileSystem plug-in:
					 - org.jwebsocket.plugins.filesystem.load
					 - org.jwebsocket.plugins.filesystem.save
					 - org.jwebsocket.plugins.filesystem.append
					 - org.jwebsocket.plugins.filesystem.delete
					 - org.jwebsocket.plugins.filesystem.exists
					 - org.jwebsocket.plugins.filesystem.send
					 - org.jwebsocket.plugins.filesystem.getFilelist
					 - org.jwebsocket.plugins.filesystem.observe
				-->
			</settings>
			<server-assignments>
				<server-assignment>ts0</server-assignment>
			</server-assignments>
		</plugin>

		<!-- this is a sample for a user plug-in -->
		<plugin>
			<name>org.jwebsocket.plugins.sample.SamplePlugIn</name>
			<id>jws.sample</id>
			<ns>org.jwebsocket.plugins.sample</ns>
			<jar>jWebSocketSamples-1.0.jar</jar>
			<server-assignments>
				<server-assignment>ts0</server-assignment>
			</server-assignments>
		</plugin>

		<!-- The plug-in for remote procedure calls -->
		<plugin>
			<name>org.jwebsocket.plugins.rpc.RPCPlugIn</name>
			<id>jws.rpc</id>
			<ns>org.jwebsocket.plugins.rpc</ns>
			<jar>jWebSocketRPCPlugIn-1.0.jar</jar>
			<server-assignments>
				<server-assignment>ts0</server-assignment>
			</server-assignments>
			<settings>
				<!-- list all jars from %JWEBSOCKET_HOME%/libs or %CLASSPATH% path -->
				<setting key="class:org.jwebsocket.rpc.sample.SampleRPCLibrary">jWebSocketSamples-1.0.jar</setting>
				<setting key="class:org.jwebsocket.rpc.sample.Messaging">jWebSocketSamples-1.0.jar</setting>
			</settings>
		</plugin>

		<!-- quota plug-in -->
		<plugin>
			<name>org.jwebsocket.plugins.quota.QuotaPlugIn</name>
			<id>jws.quota</id>
			<ns>org.jwebsocket.plugins.quota</ns>
			<jar>jWebSocketQuotaPlugIn-1.0.jar</jar>
			<server-assignments>
				<server-assignment>ts0</server-assignment>
			</server-assignments>
			<settings>
				<setting key="spring_config">${JWEBSOCKET_HOME}conf/QuotaPlugIn/quota.xml</setting>
				<setting key="authentication_method">spring</setting>
			</settings>
		</plugin>
		
		<!-- Reporting plug-in -->
		<plugin>
			<name>org.jwebsocket.plugins.reporting.ReportingPlugIn</name>
			<id>jws.reporting</id>
			<ns>org.jwebsocket.plugins.reporting</ns>
			<!-- use the bundle here, this includes the jasper libraries -->
			<jar>jWebSocketReportingPlugIn-1.0.jar</jar>
			<server-assignments>
				<server-assignment>ts0</server-assignment>
			</server-assignments>
			<settings>
				<!-- folder where the report specs are located -->
				<setting key="spring_config">${JWEBSOCKET_HOME}conf/ReportingPlugIn/reporting.xml</setting>
			</settings>
		</plugin>
		
		<!-- Monitoring plugin -->
		<!--
		<plugin>
			<name>org.jwebsocket.plugins.monitoring.MonitoringPlugIn</name>
			<id>MonitoringPlugIn</id>
			<jar>jWebSocketMonitoringPlugIn-1.0.jar</jar>
			<server-assignments>
				<server-assignment>ts0</server-assignment>
			</server-assignments>
		</plugin>
		-->
		
		<!-- API disclosure plugin -->
		<plugin>
			<name>org.jwebsocket.plugins.api.APIPlugIn</name>
			<id>jws.api</id>
			<ns>org.jwebsocket.plugins.api</ns>
			<jar>jWebSocketAPIPlugIn-1.0.jar</jar>
			<settings>
				<setting key="spring_config">${JWEBSOCKET_HOME}conf/APIPlugIn/api.xml</setting>
			</settings>
			<server-assignments>
				<server-assignment>ts0</server-assignment>
			</server-assignments>
		</plugin>

		<!-- performance tests plugin -->
		<plugin>
			<name>org.jwebsocket.plugins.test.PerfTestPlugIn</name>
			<id>jws.perftest</id>
			<ns>org.jwebsocket.plugins.test</ns>
			<jar>jWebSocketTestPlugIn-1.0.jar</jar>
			<server-assignments>
				<server-assignment>ts0</server-assignment>
			</server-assignments>
		</plugin>

		<!-- benchmark plugin -->
		<plugin>
			<name>org.jwebsocket.plugins.benchmark.BenchmarkPlugIn</name>
			<id>jws.benchmark</id>
			<ns>org.jwebsocket.plugins.benchmark</ns>
			<jar>jWebSocketBenchmarkPlugIn-1.0.jar</jar>
			<server-assignments>
				<server-assignment>ts0</server-assignment>
			</server-assignments>
		</plugin>

		<!-- automated tests plugin -->
		<plugin>
			<name>org.jwebsocket.plugins.test.AutomTestPlugIn</name>
			<id>jws.automatedtest</id>
			<ns>org.jwebsocket.plugins.test</ns>
			<jar>jWebSocketTestPlugIn-1.0.jar</jar>
			<server-assignments>
				<server-assignment>ts0</server-assignment>
			</server-assignments>
		</plugin>
		
		<!-- Sencha Demo plugin -->
		<plugin>
			<name>org.jwebsocket.plugins.extjs.SenchaDemoPlugIn</name>
			<id>jws.senchademo</id>
			<jar>jWebSocketSenchaPlugIn-1.0.jar</jar>
			<server-assignments>
				<server-assignment>ts0</server-assignment>
			</server-assignments>
		</plugin>
		
		<!-- jQuery Mobile Form plugin -->
		<plugin>
			<name>org.jwebsocket.plugins.jquery.JQueryDemoPlugIn</name>
			<id>jws.jquerydemo</id>
			<jar>jWebSocketJQueryPlugIn-1.0.jar</jar>
			<server-assignments>
				<server-assignment>ts0</server-assignment>
			</server-assignments>
		</plugin>
		
		<!-- jWeSocket Ping-Pong Game Plug-in -->
		<plugin>
			<name>org.jwebsocket.gaming.pingpong.plugin.PingPongPlugIn</name>
			<id>jws.pingpong</id>
			<jar>jWebSocketPingPongGame-1.0.jar</jar>
			<server-assignments>
				<server-assignment>ts0</server-assignment>
			</server-assignments>
			<settings>
				<setting key="sHeight">286</setting>
				<setting key="sWidth">464</setting>
				<setting key="dbDay">30</setting>
				<setting key="dbTime">1</setting>
			</settings>
		</plugin>
		
		<!-- External processes plug-in, e.g. to call perl or other server side scripts -->
		<plugin>
			<name>org.jwebsocket.plugins.extprocess.ExtProcessPlugIn</name>
			<id>jws.extprocess</id>
			<jar>jWebSocketExtProcessPlugIn-1.0.jar</jar>
			<settings>
				<setting key="spring_config">${JWEBSOCKET_HOME}conf/ExtProcessPlugIn/extprocess.xml</setting>
			</settings>
			<server-assignments>
				<server-assignment>ts0</server-assignment>
			</server-assignments>
		</plugin>
		
		<!-- Scripting plug-in, e.g. to call JavaScript on the server side -->
		<plugin>
			<name>org.jwebsocket.plugins.scripting.ScriptingPlugIn</name>
			<id>jws.scripting</id>
			<jar>jWebSocketScriptingPlugIn-1.0.jar</jar>
			<settings>
				<setting key="spring_config">${JWEBSOCKET_HOME}conf/ScriptingPlugIn/scripting.xml</setting>
			</settings>
			<server-assignments>
				<server-assignment>ts0</server-assignment>
			</server-assignments>
		</plugin>
		
		<!-- RTC plug-in -->
		<plugin>
			<name>org.jwebsocket.plugins.rtc.RTCPlugIn</name>
			<id>jws.rtcp</id>
			<jar>jWebSocketRTCPlugIn-1.0.jar</jar>
			<settings>
				<setting key="spring_config">${JWEBSOCKET_HOME}conf/RTCPlugIn/rtc.xml</setting>
			</settings>
			<server-assignments>
				<server-assignment>ts0</server-assignment>
			</server-assignments>
		</plugin>
		
		<!-- FTP plug-in -->
		<plugin>
			<name>org.jwebsocket.plugins.ftp.FTPPlugIn</name>
			<id>jws.ftpp</id>
			<jar>jWebSocketFTPPlugIn-1.0.jar</jar>
			<settings>
				<setting key="spring_config">${JWEBSOCKET_HOME}conf/FTPPlugIn/ftp.xml</setting>
			</settings>
			<server-assignments>
				<server-assignment>ts0</server-assignment>
			</server-assignments>
		</plugin>
		 
		<!-- TTS plug-in -->
		<plugin>
			<name>org.jwebsocket.plugins.tts.TTSPlugIn</name>
			<id>jws.ttsp</id>
			<jar>jWebSocketTTSPlugIn-1.0.jar</jar>
			<settings>
				<setting key="spring_config">${JWEBSOCKET_HOME}conf/TTSPlugIn/tts.xml</setting>
			</settings>
			<server-assignments>
				<server-assignment>ts0</server-assignment>
			</server-assignments>
		</plugin>
		 
		<!-- Cloud plug-in -->
		<plugin>
			<name>org.jwebsocket.plugins.cloud.CloudPlugIn</name>
			<id>jws.cloud</id>
			<jar>jWebSocketCloudPlugIn-1.0.jar</jar>
			<settings>
				<setting key="spring_config">${JWEBSOCKET_HOME}conf/CloudPlugIn/cloud.xml</setting>
			</settings>
			<server-assignments>
				<server-assignment>ts0</server-assignment>
			</server-assignments>
		</plugin>

		
		<!-- Sample for Java Card -->
		<!--
		<plugin>
			<name>org.jwebsocket.plugins.events.EventsPlugIn</name>
			<ns>jc</ns>
			<id>jws.jcdemo</id>
			<jar>jWebSocketSamples-1.0.jar</jar>
			<server-assignments>
				<server-assignment>ts0</server-assignment>
			</server-assignments>
		</plugin>
		-->
		
		<!-- Arduino Remote Control Plug-in -->
		<!-- 
				This plug-in requires Arduino hardware to be connected and configured.
				This plug-in requires the rxtx lib to be loaded in the libraries section!.
		-->
		<!--
		<plugin>
				<name>org.jwebsocket.plugins.events.EventsPlugIn</name>
				<ns>rc</ns>
				<id>jws.rcdemo</id>
				<jar>jWebSocketArduinoPlugIn-1.0.jar</jar>
				<server-assignments>
					<server-assignment>ts0</server-assignment>
				</server-assignments>
				<settings>
					<setting key="jars">jWebSocketArduinoPlugIn-1.0.jar</setting>
				</settings>
		</plugin>
		-->

		<!-- JMX Plug-in 
		<plugin>
				<name>org.jwebsocket.plugins.jmx.JMXPlugIn</name>
				<ns>org.jwebsocket.plugins.jmx</ns>
				<id>jws.jmx</id>
				<jar>jWebSocketJMXPlugIn-1.0.jar</jar>
				<server-assignments>
					<server-assignment>ts0</server-assignment>
				</server-assignments>
				<settings>
					<setting key="spring_config">${JWEBSOCKET_HOME}conf/JMXPlugIn/jmxPluginConfig.xml</setting>
					<setting key="beans_config">JMXPlugIn/PluginsConfigFiles/</setting>
					<setting key="http_user">admin</setting>
					<setting key="http_password">jmxadmin</setting>
				</settings>
		</plugin>
		-->
	</plugins>
    
	<!-- filters to be instantiated for jWebSocket -->
	<filters>
		<filter>
			<name>org.jwebsocket.filters.system.SystemFilter</name>
			<id>jws.systemFilter</id>
			<ns>org.jwebsocket.filters.system</ns>
			<jar>jWebSocketServer-1.0.jar</jar>
			<server-assignments>
				<server-assignment>ts0</server-assignment>
			</server-assignments>
		</filter>

		<!-- Attention! This filter requires the Statistics Plug-in to be installed -->
		<filter>
			<name>org.jwebsocket.plugins.statistics.StatisticsFilter</name>
			<id>jws.statisticsFilter</id>
			<ns>org.jwebsocket.plugins.statistics</ns>
			<jar>jWebSocketStatisticsPlugIn-1.0.jar</jar>
			<server-assignments>
				<server-assignment>ts0</server-assignment>
			</server-assignments>
		</filter>
		
		<filter>
			<name>org.jwebsocket.filters.custom.CustomTokenFilter</name>
			<id>jws.userFilter</id>
			<ns>org.jwebsocket.filters.custom</ns>
			<jar>jWebSocketServer-1.0.jar</jar>
			<server-assignments>
				<server-assignment>ts0</server-assignment>
			</server-assignments>
		</filter>

		<filter>
			<name>org.jwebsocket.plugins.quota.QuotaFilter</name>
			<id>jws.quotaFilter</id>
			<ns>org.jwebsocket.quota.filter</ns>
			<jar>jWebSocketQuotaPlugIn-1.0.jar</jar>
			<server-assignments>
				<server-assignment>ts0</server-assignment>
			</server-assignments>
		</filter>

		<filter>
			<name>org.jwebsocket.filters.sample.SampleFilter</name>
			<id>jws.sampleFilter</id>
			<ns>org.jwebsocket.filters.sample</ns>
			<jar>jWebSocketSamples-1.0.jar</jar>
			<server-assignments>
				<server-assignment>ts0</server-assignment>
			</server-assignments>
		</filter>
		
		<!-- this filter is required to capture all events for the monitoring plug-in -->
		<!--
		<filter>
			<name>org.jwebsocket.filters.monitoring.MonitoringFilter</name>
			<id>jws.monitoringFilter</id>
			<ns>org.jwebsocket.plugins.monitoring</ns>
			<jar>jWebSocketMonitoringPlugIn-1.0.jar</jar>
			<server-assignments>
				<server-assignment>ts0</server-assignment>
			</server-assignments>
		</filter>
		-->
		
		<filter>
			<name>org.jwebsocket.plugins.loadbalancer.LoadBalancerFilter</name>
			<id>jws.loadBalancerFilter</id>
			<ns>org.jwebsocket.plugins.loadbalancer</ns>
			<jar>jWebSocketLoadBalancerPlugIn-1.0.jar</jar>
			<server-assignments>
				<server-assignment>ts0</server-assignment>
			</server-assignments>
			<settings>
				<setting key="loadbalancer_plugin_id">jws.lb</setting>
			</settings>
		</filter>

	</filters>

</jWebSocket>
